A089470,HDC현대EP
A002380,KCC
A001390,KG케미칼
A025000,KPX케미칼
A092230,KPX홀딩스
A051900,LG생활건강
A051905,LG생활건강우
A108670,LG하우시스
A108675,LG하우시스우
A051910,LG화학
A051915,LG화학우
A004250,NPC
A004255,NPC우
A010060,OCI
A010950,S-Oil
A010955,S-Oil우
A002360,SH에너지화학
A011790,SKC
A096770,SK이노베이션
A096775,SK이노베이션우
A285130,SK케미칼
A28513K,SK케미칼우
A024070,WISCOM
A000860,강남제비스코
A002100,경농
A012610,경인양행
A007690,국도화학
A083420,그린케미칼
A014530,극동유화
A001570,금양
A011780,금호석유
A011785,금호석유우
A073240,금호타이어
A025860,남해화학
A005720,넥센
A005725,넥센우
A002350,넥센타이어
A002355,넥센타이어1우B
A090350,노루페인트
A090355,노루페인트우
A024890,대원화성
A006650,대한유화
A003830,대한화섬
A004830,덕성
A004835,덕성우
A023450,동남합성
A007590,동방아그로
A005190,동성화학
A282690,동아타이어
A014820,동원시스템즈
A014825,동원시스템즈우
A163560,동일고무벨트
A115390,락앤락
A004000,롯데정밀화학
A011170,롯데케미칼
A002840,미원상사
A268280,미원에스씨
A134380,미원화학
A003650,미창석유
A001340,백광산업
A035150,백산
A002760,보락
A272550,삼양패키징
A003720,삼영화학
A000390,삼화페인트
A008490,서흥
A003080,성보화학
A004430,송원산업
A002790,아모레G
A002795,아모레G우
A090430,아모레퍼시픽
A090435,아모레퍼시픽우
A018250,애경산업
A161000,애경유화
A078520,에이블씨엔씨
A014440,영보화학
A014830,유니드
A008730,율촌화학
A005950,이수화학
A081000,일진다이아
A226320,잇츠한불
A025620,제이준코스메틱
A004910,조광페인트
A001550,조비
A003780,진양산업
A010640,진양폴리
A100250,진양홀딩스
A051630,진양화학
A006380,카프로
A192820,코스맥스
A005070,코스모신소재
A005420,코스모화학
A144620,코오롱머티리얼
A120110,코오롱인더
A120115,코오롱인더우
A138490,코오롱플라스틱
A015890,태경산업
A006890,태경화학
A003240,태광산업
A055490,테이팩스
A214420,토니모리
A002960,한국쉘석유
A161890,한국콜마
A161390,한국타이어앤테크놀로지
A003350,한국화장품제조
A011500,한농화성
A014680,한솔케미칼
A000880,한화
A00088K,한화3우B
A000885,한화우
A009830,한화케미칼
A009835,한화케미칼우
A267250,현대중공업지주
A006060,화승인더
A298050,효성첨단소재
A298020,효성티앤씨
A298000,효성화학
A093370,후성
A079980,휴비스
A069260,휴켐스
