,종목코드,종목명,종류
0,A000020,동화약품,KOSPI
1,A000040,KR모터스,KOSPI
2,A000050,경방,KOSPI
3,A000060,메리츠화재,KOSPI
4,A000070,삼양홀딩스,KOSPI
5,A000075,삼양홀딩스우,KOSPI
6,A000080,하이트진로,KOSPI
7,A000087,하이트진로2우B,KOSPI
8,A000100,유한양행,KOSPI
9,A000105,유한양행우,KOSPI
10,A000120,CJ대한통운,KOSPI
11,A000140,하이트진로홀딩스,KOSPI
12,A000145,하이트진로홀딩스우,KOSPI
13,A000150,두산,KOSPI
14,A000155,두산우,KOSPI
15,A000157,두산2우B,KOSPI
16,A000180,성창기업지주,KOSPI
17,A000210,대림산업,KOSPI
18,A000215,대림산업우,KOSPI
19,A000220,유유제약,KOSPI
20,A000225,유유제약1우,KOSPI
21,A000227,유유제약2우B,KOSPI
22,A000230,일동홀딩스,KOSPI
23,A000240,한국테크놀로지그룹,KOSPI
24,A000270,기아차,KOSPI
25,A000300,대유플러스,KOSPI
26,A000320,노루홀딩스,KOSPI
27,A000325,노루홀딩스우,KOSPI
28,A000370,한화손해보험,KOSPI
29,A000390,삼화페인트,KOSPI
30,A000400,롯데손해보험,KOSPI
31,A000430,대원강업,KOSPI
32,A000480,조선내화,KOSPI
33,A000490,대동공업,KOSPI
34,A000500,가온전선,KOSPI
35,A000520,삼일제약,KOSPI
36,A000540,흥국화재,KOSPI
37,A000545,흥국화재우,KOSPI
38,A000547,흥국화재2우B,KOSPI
39,A000590,CS홀딩스,KOSPI
40,A000640,동아쏘시오홀딩스,KOSPI
41,A000650,천일고속,KOSPI
42,A000660,SK하이닉스,KOSPI
43,A000670,영풍,KOSPI
44,A000680,LS네트웍스,KOSPI
45,A000700,유수홀딩스,KOSPI
46,A000720,현대건설,KOSPI
47,A000725,현대건설우,KOSPI
48,A000760,이화산업,KOSPI
49,A000810,삼성화재,KOSPI
50,A000815,삼성화재우,KOSPI
51,A000850,화천기공,KOSPI
52,A000860,강남제비스코,KOSPI
53,A000880,한화,KOSPI
54,A000885,한화우,KOSPI
55,A00088K,한화3우B,KOSPI
56,A000890,보해양조,KOSPI
57,A000910,유니온,KOSPI
58,A000950,전방,KOSPI
59,A000970,한국주철관,KOSPI
60,A000990,DB하이텍,KOSPI
61,A000995,DB하이텍1우,KOSPI
62,A001020,페이퍼코리아,KOSPI
63,A001040,CJ,KOSPI
64,A001045,CJ우,KOSPI
65,A00104K,CJ4우(전환),KOSPI
66,A001060,JW중외제약,KOSPI
67,A001065,JW중외제약우,KOSPI
68,A001067,JW중외제약2우B,KOSPI
69,A001070,대한방직,KOSPI
70,A001080,만호제강,KOSPI
71,A001120,LG상사,KOSPI
72,A001130,대한제분,KOSPI
73,A001140,카리스국보,KOSPI
74,A001200,유진투자증권,KOSPI
75,A001210,금호전기,KOSPI
76,A001230,동국제강,KOSPI
77,A001250,GS글로벌,KOSPI
78,A001260,남광토건,KOSPI
79,A001270,부국증권,KOSPI
80,A001275,부국증권우,KOSPI
81,A001290,상상인증권,KOSPI
82,A001340,백광산업,KOSPI
83,A001360,삼성제약,KOSPI
84,A001380,SG충방,KOSPI
85,A001390,KG케미칼,KOSPI
86,A001420,태원물산,KOSPI
87,A001430,세아베스틸,KOSPI
88,A001440,대한전선,KOSPI
89,A001450,현대해상,KOSPI
90,A001460,BYC,KOSPI
91,A001465,BYC우,KOSPI
92,A001470,삼부토건,KOSPI
93,A001500,현대차증권,KOSPI
94,A001510,SK증권,KOSPI
95,A001515,SK증권우,KOSPI
96,A001520,동양,KOSPI
97,A001525,동양우,KOSPI
98,A001527,동양2우B,KOSPI
99,A001529,동양3우B,KOSPI
100,A001530,DI동일,KOSPI
101,A001550,조비,KOSPI
102,A001560,제일연마,KOSPI
103,A001570,금양,KOSPI
104,A001620,케이비아이동국실업,KOSPI
105,A001630,종근당홀딩스,KOSPI
106,A001680,대상,KOSPI
107,A001685,대상우,KOSPI
108,A001720,신영증권,KOSPI
109,A001725,신영증권우,KOSPI
110,A001740,SK네트웍스,KOSPI
111,A001745,SK네트웍스우,KOSPI
112,A001750,한양증권,KOSPI
113,A001755,한양증권우,KOSPI
114,A001770,신화실업,KOSPI
115,A001780,알루코,KOSPI
116,A001790,대한제당,KOSPI
117,A001795,대한제당우,KOSPI
118,A001799,대한제당3우B,KOSPI
119,A001800,오리온홀딩스,KOSPI
120,A001820,삼화콘덴서,KOSPI
121,A001880,삼호,KOSPI
122,A001940,KISCO홀딩스,KOSPI
123,A002020,코오롱,KOSPI
124,A002025,코오롱우,KOSPI
125,A002030,아세아,KOSPI
126,A002070,남영비비안,KOSPI
127,A002100,경농,KOSPI
128,A002140,고려산업,KOSPI
129,A002150,도화엔지니어링,KOSPI
130,A002170,삼양통상,KOSPI
131,A002200,수출포장,KOSPI
132,A002210,동성제약,KOSPI
133,A002220,한일철강,KOSPI
134,A002240,고려제강,KOSPI
135,A002270,롯데푸드,KOSPI
136,A002300,한국제지,KOSPI
137,A002310,아세아제지,KOSPI
138,A002320,한진,KOSPI
139,A002350,넥센타이어,KOSPI
140,A002355,넥센타이어1우B,KOSPI
141,A002360,SH에너지화학,KOSPI
142,A002380,KCC,KOSPI
143,A002390,한독,KOSPI
144,A002410,범양건영,KOSPI
145,A002420,세기상사,KOSPI
146,A002450,삼익악기,KOSPI
147,A002460,화성산업,KOSPI
148,A002600,조흥,KOSPI
149,A002620,제일파마홀딩스,KOSPI
150,A002630,오리엔트바이오,KOSPI
151,A002690,동일제강,KOSPI
152,A002700,신일산업,KOSPI
153,A002710,TCC스틸,KOSPI
154,A002720,국제약품,KOSPI
155,A002760,보락,KOSPI
156,A002780,진흥기업,KOSPI
157,A002785,진흥기업우B,KOSPI
158,A002787,진흥기업2우B,KOSPI
159,A002790,아모레G,KOSPI
160,A002795,아모레G우,KOSPI
161,A002810,삼영무역,KOSPI
162,A002820,선창산업,KOSPI
163,A002840,미원상사,KOSPI
164,A002870,신풍제지,KOSPI
165,A002880,대유에이텍,KOSPI
166,A002900,동양물산,KOSPI
167,A002920,유성기업,KOSPI
168,A002960,한국쉘석유,KOSPI
169,A002990,금호산업,KOSPI
170,A002995,금호산업우,KOSPI
171,A003000,부광약품,KOSPI
172,A003010,혜인,KOSPI
173,A003030,세아제강지주,KOSPI
174,A003060,에이프로젠제약,KOSPI
175,A003070,코오롱글로벌,KOSPI
176,A003075,코오롱글로벌우,KOSPI
177,A003080,성보화학,KOSPI
178,A003090,대웅,KOSPI
179,A003120,일성신약,KOSPI
180,A003160,디아이,KOSPI
181,A003200,일신방직,KOSPI
182,A003220,대원제약,KOSPI
183,A003230,삼양식품,KOSPI
184,A003240,태광산업,KOSPI
185,A003280,흥아해운,KOSPI
186,A003300,한일홀딩스,KOSPI
187,A003350,한국화장품제조,KOSPI
188,A003410,쌍용양회,KOSPI
189,A003415,쌍용양회우,KOSPI
190,A003460,유화증권,KOSPI
191,A003465,유화증권우,KOSPI
192,A003470,유안타증권,KOSPI
193,A003475,유안타증권우,KOSPI
194,A003480,한진중공업홀딩스,KOSPI
195,A003490,대한항공,KOSPI
196,A003495,대한항공우,KOSPI
197,A003520,영진약품,KOSPI
198,A003530,한화투자증권,KOSPI
199,A003535,한화투자증권우,KOSPI
200,A003540,대신증권,KOSPI
201,A003545,대신증권우,KOSPI
202,A003547,대신증권2우B,KOSPI
203,A003550,LG,KOSPI
204,A003555,LG우,KOSPI
205,A003560,IHQ,KOSPI
206,A003570,S&T중공업,KOSPI
207,A003580,넥스트사이언스,KOSPI
208,A003610,방림,KOSPI
209,A003620,쌍용차,KOSPI
210,A003650,미창석유,KOSPI
211,A003670,포스코케미칼,KOSPI
212,A003680,한성기업,KOSPI
213,A003690,코리안리,KOSPI
214,A003720,삼영화학,KOSPI
215,A003780,진양산업,KOSPI
216,A003830,대한화섬,KOSPI
217,A003850,보령제약,KOSPI
218,A003920,남양유업,KOSPI
219,A003925,남양유업우,KOSPI
220,A003960,사조대림,KOSPI
221,A004000,롯데정밀화학,KOSPI
222,A004020,현대제철,KOSPI
223,A004060,SG세계물산,KOSPI
224,A004080,신흥,KOSPI
225,A004090,한국석유,KOSPI
226,A004100,태양금속,KOSPI
227,A004105,태양금속우,KOSPI
228,A004140,동방,KOSPI
229,A004150,한솔홀딩스,KOSPI
230,A004170,신세계,KOSPI
231,A004200,고려개발,KOSPI
232,A004250,NPC,KOSPI
233,A004255,NPC우,KOSPI
234,A004270,남성,KOSPI
235,A004310,현대약품,KOSPI
236,A004360,세방,KOSPI
237,A004365,세방우,KOSPI
238,A004370,농심,KOSPI
239,A004380,삼익THK,KOSPI
240,A004410,서울식품,KOSPI
241,A004415,서울식품우,KOSPI
242,A004430,송원산업,KOSPI
243,A004440,대림씨엔에스,KOSPI
244,A004450,삼화왕관,KOSPI
245,A004490,세방전지,KOSPI
246,A004540,깨끗한나라,KOSPI
247,A004545,깨끗한나라우,KOSPI
248,A004560,현대비앤지스틸,KOSPI
249,A004565,현대비앤지스틸우,KOSPI
250,A004690,삼천리,KOSPI
251,A004700,조광피혁,KOSPI
252,A004710,한솔테크닉스,KOSPI
253,A004720,우리들제약,KOSPI
254,A004770,써니전자,KOSPI
255,A004800,효성,KOSPI
256,A004830,덕성,KOSPI
257,A004835,덕성우,KOSPI
258,A004840,DRB동일,KOSPI
259,A004870,티웨이홀딩스,KOSPI
260,A004890,동일산업,KOSPI
261,A004910,조광페인트,KOSPI
262,A004920,씨아이테크,KOSPI
263,A004960,한신공영,KOSPI
264,A004970,신라교역,KOSPI
265,A004980,성신양회,KOSPI
266,A004985,성신양회우,KOSPI
267,A004990,롯데지주,KOSPI
268,A00499K,롯데지주우,KOSPI
269,A005010,휴스틸,KOSPI
270,A005030,부산주공,KOSPI
271,A005070,코스모신소재,KOSPI
272,A005090,삼광글라스,KOSPI
273,A005110,한창,KOSPI
274,A005180,빙그레,KOSPI
275,A005190,동성화학,KOSPI
276,A005250,녹십자홀딩스,KOSPI
277,A005257,녹십자홀딩스2우,KOSPI
278,A005300,롯데칠성,KOSPI
279,A005305,롯데칠성우,KOSPI
280,A005320,국동,KOSPI
281,A005360,모나미,KOSPI
282,A005380,현대차,KOSPI
283,A005385,현대차우,KOSPI
284,A005387,현대차2우B,KOSPI
285,A005389,현대차3우B,KOSPI
286,A005390,신성통상,KOSPI
287,A005420,코스모화학,KOSPI
288,A005430,한국공항,KOSPI
289,A005440,현대그린푸드,KOSPI
290,A005450,신한,KOSPI
291,A005490,POSCO,KOSPI
292,A005500,삼진제약,KOSPI
293,A005610,SPC삼립,KOSPI
294,A005680,삼영전자,KOSPI
295,A005690,파미셀,KOSPI
296,A005720,넥센,KOSPI
297,A005725,넥센우,KOSPI
298,A005740,크라운해태홀딩스,KOSPI
299,A005745,크라운해태홀딩스우,KOSPI
300,A005750,대림B&Co,KOSPI
301,A005800,신영와코루,KOSPI
302,A005810,풍산홀딩스,KOSPI
303,A005820,원림,KOSPI
304,A005830,DB손해보험,KOSPI
305,A005850,에스엘,KOSPI
306,A005870,휴니드,KOSPI
307,A005880,대한해운,KOSPI
308,A005930,삼성전자,KOSPI
309,A005935,삼성전자우,KOSPI
310,A005940,NH투자증권,KOSPI
311,A005945,NH투자증권우,KOSPI
312,A005950,이수화학,KOSPI
313,A005960,동부건설,KOSPI
314,A005965,동부건설우,KOSPI
315,A006040,동원산업,KOSPI
316,A006060,화승인더,KOSPI
317,A006090,사조오양,KOSPI
318,A006110,삼아알미늄,KOSPI
319,A006120,SK디스커버리,KOSPI
320,A006125,SK디스커버리우,KOSPI
321,A006200,한국전자홀딩스,KOSPI
322,A006220,제주은행,KOSPI
323,A006260,LS,KOSPI
324,A006280,녹십자,KOSPI
325,A006340,대원전선,KOSPI
326,A006345,대원전선우,KOSPI
327,A006360,GS건설,KOSPI
328,A006370,대구백화점,KOSPI
329,A006380,카프로,KOSPI
330,A006390,한일현대시멘트,KOSPI
331,A006400,삼성SDI,KOSPI
332,A006405,삼성SDI우,KOSPI
333,A006490,인스코비,KOSPI
334,A006570,대림통상,KOSPI
335,A006650,대한유화,KOSPI
336,A006660,삼성공조,KOSPI
337,A006740,영풍제지,KOSPI
338,A006800,미래에셋대우,KOSPI
339,A006805,미래에셋대우우,KOSPI
340,A00680K,미래에셋대우2우B,KOSPI
341,A006840,AK홀딩스,KOSPI
342,A006880,신송홀딩스,KOSPI
343,A006890,태경화학,KOSPI
344,A006980,우성사료,KOSPI
345,A007070,GS리테일,KOSPI
346,A007110,일신석재,KOSPI
347,A007120,미래아이앤지,KOSPI
348,A007160,사조산업,KOSPI
349,A007210,벽산,KOSPI
350,A007280,한국특수형강,KOSPI
351,A007310,오뚜기,KOSPI
352,A007340,디티알오토모티브,KOSPI
353,A007460,에이프로젠 KIC,KOSPI
354,A007540,샘표,KOSPI
355,A007570,일양약품,KOSPI
356,A007575,일양약품우,KOSPI
357,A007590,동방아그로,KOSPI
358,A007610,선도전기,KOSPI
359,A007630,폴루스바이오팜,KOSPI
360,A007660,이수페타시스,KOSPI
361,A007690,국도화학,KOSPI
362,A007700,F&F,KOSPI
363,A007810,코리아써키트,KOSPI
364,A007815,코리아써우,KOSPI
365,A00781K,코리아써키트2우B,KOSPI
366,A007860,서연,KOSPI
367,A007980,태평양물산,KOSPI
368,A008040,사조동아원,KOSPI
369,A008060,대덕전자,KOSPI
370,A00806K,대덕전자1우,KOSPI
371,A008110,대동전자,KOSPI
372,A008250,이건산업,KOSPI
373,A008260,NI스틸,KOSPI
374,A008350,남선알미늄,KOSPI
375,A008355,남선알미우,KOSPI
376,A008420,문배철강,KOSPI
377,A008490,서흥,KOSPI
378,A008500,일정실업,KOSPI
379,A008560,메리츠종금증권,KOSPI
380,A008600,윌비스,KOSPI
381,A008700,아남전자,KOSPI
382,A008730,율촌화학,KOSPI
383,A008770,호텔신라,KOSPI
384,A008775,호텔신라우,KOSPI
385,A008870,금비,KOSPI
386,A008930,한미사이언스,KOSPI
387,A008970,동양철관,KOSPI
388,A009070,KCTC,KOSPI
389,A009140,경인전자,KOSPI
390,A009150,삼성전기,KOSPI
391,A009155,삼성전기우,KOSPI
392,A009160,SIMPAC,KOSPI
393,A009180,한솔로지스틱스,KOSPI
394,A009190,대양금속,KOSPI
395,A009200,무림페이퍼,KOSPI
396,A009240,한샘,KOSPI
397,A009270,신원,KOSPI
398,A009275,신원우,KOSPI
399,A009290,광동제약,KOSPI
400,A009310,참엔지니어링,KOSPI
401,A009320,대우부품,KOSPI
402,A009410,태영건설,KOSPI
403,A009415,태영건설우,KOSPI
404,A009420,한올바이오파마,KOSPI
405,A009440,KC그린홀딩스,KOSPI
406,A009450,경동나비엔,KOSPI
407,A009460,한창제지,KOSPI
408,A009470,삼화전기,KOSPI
409,A009540,한국조선해양,KOSPI
410,A009580,무림P&P,KOSPI
411,A009680,모토닉,KOSPI
412,A009770,삼정펄프,KOSPI
413,A009810,엔케이물산,KOSPI
414,A009830,한화케미칼,KOSPI
415,A009835,한화케미칼우,KOSPI
416,A009970,영원무역홀딩스,KOSPI
417,A010040,한국내화,KOSPI
418,A010050,우리종금,KOSPI
419,A010060,OCI,KOSPI
420,A010100,한국프랜지,KOSPI
421,A010120,LS산전,KOSPI
422,A010130,고려아연,KOSPI
423,A010140,삼성중공업,KOSPI
424,A010145,삼성중공우,KOSPI
425,A010400,우진아이엔에스,KOSPI
426,A010420,한솔PNS,KOSPI
427,A010580,지코,KOSPI
428,A010600,웰바이오텍,KOSPI
429,A010620,현대미포조선,KOSPI
430,A010640,진양폴리,KOSPI
431,A010660,화천기계,KOSPI
432,A010690,화신,KOSPI
433,A010770,평화홀딩스,KOSPI
434,A010780,아이에스동서,KOSPI
435,A010820,퍼스텍,KOSPI
436,A010950,S-Oil,KOSPI
437,A010955,S-Oil우,KOSPI
438,A010960,삼호개발,KOSPI
439,A011000,진원생명과학,KOSPI
440,A011070,LG이노텍,KOSPI
441,A011090,에넥스,KOSPI
442,A011150,CJ씨푸드,KOSPI
443,A011155,CJ씨푸드1우,KOSPI
444,A011160,두산건설,KOSPI
445,A011170,롯데케미칼,KOSPI
446,A011200,현대상선,KOSPI
447,A011210,현대위아,KOSPI
448,A011230,삼화전자,KOSPI
449,A011280,태림포장,KOSPI
450,A011300,성안,KOSPI
451,A011330,유니켐,KOSPI
452,A011390,부산산업,KOSPI
453,A011420,갤럭시아에스엠,KOSPI
454,A011500,한농화성,KOSPI
455,A011690,유양디앤유,KOSPI
456,A011700,한신기계,KOSPI
457,A011760,현대상사,KOSPI
458,A011780,금호석유,KOSPI
459,A011785,금호석유우,KOSPI
460,A011790,SKC,KOSPI
461,A011810,STX,KOSPI
462,A011930,신성이엔지,KOSPI
463,A012030,DB,KOSPI
464,A012160,영흥철강,KOSPI
465,A012170,키위미디어그룹,KOSPI
466,A012200,계양전기,KOSPI
467,A012205,계양전기우,KOSPI
468,A012280,영화금속,KOSPI
469,A012320,경동인베스트,KOSPI
470,A012330,현대모비스,KOSPI
471,A012450,한화에어로스페이스,KOSPI
472,A012510,더존비즈온,KOSPI
473,A012600,청호컴넷,KOSPI
474,A012610,경인양행,KOSPI
475,A012630,HDC,KOSPI
476,A012690,모나리자,KOSPI
477,A012750,에스원,KOSPI
478,A012800,대창,KOSPI
479,A013000,세우글로벌,KOSPI
480,A013360,일성건설,KOSPI
481,A013520,화승알앤에이,KOSPI
482,A013570,디와이,KOSPI
483,A013580,계룡건설,KOSPI
484,A013700,까뮤이앤씨,KOSPI
485,A013870,지엠비코리아,KOSPI
486,A013890,지누스,KOSPI
487,A014130,한익스프레스,KOSPI
488,A014160,대영포장,KOSPI
489,A014280,금강공업,KOSPI
490,A014285,금강공업우,KOSPI
491,A014440,영보화학,KOSPI
492,A014530,극동유화,KOSPI
493,A014580,백광소재,KOSPI
494,A014680,한솔케미칼,KOSPI
495,A014710,사조씨푸드,KOSPI
496,A014790,한라,KOSPI
497,A014820,동원시스템즈,KOSPI
498,A014825,동원시스템즈우,KOSPI
499,A014830,유니드,KOSPI
500,A014910,성문전자,KOSPI
501,A014915,성문전자우,KOSPI
502,A014990,인디에프,KOSPI
503,A015020,이스타코,KOSPI
504,A015230,대창단조,KOSPI
505,A015260,에이엔피,KOSPI
506,A015350,부산가스,KOSPI
507,A015360,예스코홀딩스,KOSPI
508,A015540,메디파트너생명공학,KOSPI
509,A015590,큐로,KOSPI
510,A015760,한국전력,KOSPI
511,A015860,일진홀딩스,KOSPI
512,A015890,태경산업,KOSPI
513,A016090,대현,KOSPI
514,A016360,삼성증권,KOSPI
515,A016380,동부제철,KOSPI
516,A016385,동부제철우,KOSPI
517,A016450,한세예스24홀딩스,KOSPI
518,A016580,환인제약,KOSPI
519,A016590,신대양제지,KOSPI
520,A016610,DB금융투자,KOSPI
521,A016710,대성홀딩스,KOSPI
522,A016740,두올,KOSPI
523,A016800,퍼시스,KOSPI
524,A016880,웅진,KOSPI
525,A017040,광명전기,KOSPI
526,A017180,명문제약,KOSPI
527,A017370,우신시스템,KOSPI
528,A017390,서울가스,KOSPI
529,A017550,수산중공업,KOSPI
530,A017670,SK텔레콤,KOSPI
531,A017800,현대엘리베이,KOSPI
532,A017810,풀무원,KOSPI
533,A017900,광전자,KOSPI
534,A017940,E1,KOSPI
535,A017960,한국카본,KOSPI
536,A018250,애경산업,KOSPI
537,A018260,삼성에스디에스,KOSPI
538,A018470,조일알미늄,KOSPI
539,A018500,동원금속,KOSPI
540,A018670,SK가스,KOSPI
541,A018880,한온시스템,KOSPI
542,A019170,신풍제약,KOSPI
543,A019175,신풍제약우,KOSPI
544,A019180,티에이치엔,KOSPI
545,A019440,세아특수강,KOSPI
546,A019490,하이트론,KOSPI
547,A019680,대교,KOSPI
548,A019685,대교우B,KOSPI
549,A020000,한섬,KOSPI
550,A020120,키다리스튜디오,KOSPI
551,A020150,일진머티리얼즈,KOSPI
552,A020560,아시아나항공,KOSPI
553,A020760,일진디스플,KOSPI
554,A021050,서원,KOSPI
555,A021240,웅진코웨이,KOSPI
556,A021820,세원정공,KOSPI
557,A023000,삼원강재,KOSPI
558,A023150,MH에탄올,KOSPI
559,A023350,한국종합기술,KOSPI
560,A023450,동남합성,KOSPI
561,A023530,롯데쇼핑,KOSPI
562,A023590,다우기술,KOSPI
563,A023800,인지컨트롤스,KOSPI
564,A023810,인팩,KOSPI
565,A023960,에쓰씨엔지니어링,KOSPI
566,A024070,WISCOM,KOSPI
567,A024090,디씨엠,KOSPI
568,A024110,기업은행,KOSPI
569,A024720,한국콜마홀딩스,KOSPI
570,A024890,대원화성,KOSPI
571,A024900,덕양산업,KOSPI
572,A025000,KPX케미칼,KOSPI
573,A025530,SJM홀딩스,KOSPI
574,A025540,한국단자,KOSPI
575,A025560,미래산업,KOSPI
576,A025620,제이준코스메틱,KOSPI
577,A025750,한솔홈데코,KOSPI
578,A025820,이구산업,KOSPI
579,A025860,남해화학,KOSPI
580,A025890,한국주강,KOSPI
581,A026890,디피씨,KOSPI
582,A026940,부국철강,KOSPI
583,A026960,동서,KOSPI
584,A027390,한화갤러리아타임월드,KOSPI
585,A027410,BGF,KOSPI
586,A027740,마니커,KOSPI
587,A027970,세하,KOSPI
588,A028050,삼성엔지니어링,KOSPI
589,A028100,동아지질,KOSPI
590,A028260,삼성물산,KOSPI
591,A02826K,삼성물산우B,KOSPI
592,A028670,팬오션,KOSPI
593,A029460,케이씨,KOSPI
594,A029530,신도리코,KOSPI
595,A029780,삼성카드,KOSPI
596,A030000,제일기획,KOSPI
597,A030200,KT,KOSPI
598,A030210,KTB투자증권,KOSPI
599,A030610,교보증권,KOSPI
600,A030720,동원수산,KOSPI
601,A030790,동양네트웍스,KOSPI
602,A031430,신세계인터내셔날,KOSPI
603,A031440,신세계푸드,KOSPI
604,A031820,콤텍시스템,KOSPI
605,A032350,롯데관광개발,KOSPI
606,A032560,황금에스티,KOSPI
607,A032640,LG유플러스,KOSPI
608,A032830,삼성생명,KOSPI
609,A033180,필룩스,KOSPI
610,A033240,자화전자,KOSPI
611,A033250,체시스,KOSPI
612,A033270,유나이티드제약,KOSPI
613,A033530,세종공업,KOSPI
614,A033660,아주캐피탈,KOSPI
615,A033780,KT&G,KOSPI
616,A033920,무학,KOSPI
617,A034020,두산중공업,KOSPI
618,A034120,SBS,KOSPI
619,A034220,LG디스플레이,KOSPI
620,A034300,신세계건설,KOSPI
621,A034310,NICE,KOSPI
622,A034590,인천도시가스,KOSPI
623,A034730,SK,KOSPI
624,A03473K,SK우,KOSPI
625,A034830,한국토지신탁,KOSPI
626,A035000,지투알,KOSPI
627,A035150,백산,KOSPI
628,A035250,강원랜드,KOSPI
629,A035420,NAVER,KOSPI
630,A035510,신세계 I&C,KOSPI
631,A035720,카카오,KOSPI
632,A036420,제이콘텐트리,KOSPI
633,A036460,한국가스공사,KOSPI
634,A036530,S&T홀딩스,KOSPI
635,A036570,엔씨소프트,KOSPI
636,A036580,팜스코,KOSPI
637,A037270,YG PLUS,KOSPI
638,A037560,CJ헬로,KOSPI
639,A037710,광주신세계,KOSPI
640,A039130,하나투어,KOSPI
641,A039490,키움증권,KOSPI
642,A039570,HDC아이콘트롤스,KOSPI
643,A041650,상신브레이크,KOSPI
644,A042660,대우조선해양,KOSPI
645,A042670,두산인프라코어,KOSPI
646,A042700,한미반도체,KOSPI
647,A044380,주연테크,KOSPI
648,A044450,KSS해운,KOSPI
649,A044820,코스맥스비티아이,KOSPI
650,A047040,대우건설,KOSPI
651,A047050,포스코인터내셔널,KOSPI
652,A047400,유니온머티리얼,KOSPI
653,A047810,한국항공우주,KOSPI
654,A049770,동원F&B,KOSPI
655,A049800,우진플라임,KOSPI
656,A051600,한전KPS,KOSPI
657,A051630,진양화학,KOSPI
658,A051900,LG생활건강,KOSPI
659,A051905,LG생활건강우,KOSPI
660,A051910,LG화학,KOSPI
661,A051915,LG화학우,KOSPI
662,A052690,한전기술,KOSPI
663,A053210,스카이라이프,KOSPI
664,A053690,한미글로벌,KOSPI
665,A055490,테이팩스,KOSPI
666,A055550,신한지주,KOSPI
667,A057050,현대홈쇼핑,KOSPI
668,A058430,포스코강판,KOSPI
669,A058650,세아홀딩스,KOSPI
670,A058730,다스코,KOSPI
671,A058850,KTcs,KOSPI
672,A058860,KTis,KOSPI
673,A060980,한라홀딩스,KOSPI
674,A063160,종근당바이오,KOSPI
675,A064350,현대로템,KOSPI
676,A064960,S&T모티브,KOSPI
677,A066570,LG전자,KOSPI
678,A066575,LG전자우,KOSPI
679,A067830,세이브존I&C,KOSPI
680,A068270,셀트리온,KOSPI
681,A068290,삼성출판사,KOSPI
682,A068400,AJ렌터카,KOSPI
683,A069260,휴켐스,KOSPI
684,A069460,대호에이엘,KOSPI
685,A069500,KODEX 200,KOSPI
686,A069620,대웅제약,KOSPI
687,A069640,한세엠케이,KOSPI
688,A069660,KOSEF 200,KOSPI
689,A069730,DSR제강,KOSPI
690,A069960,현대백화점,KOSPI
691,A070960,용평리조트,KOSPI
692,A071050,한국금융지주,KOSPI
693,A071055,한국금융지주우,KOSPI
694,A071090,하이스틸,KOSPI
695,A071320,지역난방공사,KOSPI
696,A071840,롯데하이마트,KOSPI
697,A071950,코아스,KOSPI
698,A071970,STX중공업,KOSPI
699,A072130,유엔젤,KOSPI
700,A072710,농심홀딩스,KOSPI
701,A073240,금호타이어,KOSPI
702,A074610,나노메딕스,KOSPI
703,A075180,새론오토모티브,KOSPI
704,A075580,세진중공업,KOSPI
705,A077500,유니퀘스트,KOSPI
706,A077970,STX엔진,KOSPI
707,A078000,텔코웨어,KOSPI
708,A078520,에이블씨엔씨,KOSPI
709,A078930,GS,KOSPI
710,A078935,GS우,KOSPI
711,A079160,CJ CGV,KOSPI
712,A079430,현대리바트,KOSPI
713,A079440,오렌지라이프,KOSPI
714,A079550,LIG넥스원,KOSPI
715,A079980,휴비스,KOSPI
716,A081000,일진다이아,KOSPI
717,A081660,휠라코리아,KOSPI
718,A082640,동양생명,KOSPI
719,A082740,HSD엔진,KOSPI
720,A083370,동북아12호,KOSPI
721,A083380,동북아13호,KOSPI
722,A083420,그린케미칼,KOSPI
723,A084010,대한제강,KOSPI
724,A084670,동양고속,KOSPI
725,A084680,이월드,KOSPI
726,A084690,대상홀딩스,KOSPI
727,A084695,대상홀딩스우,KOSPI
728,A084870,TBH글로벌,KOSPI
729,A085310,엔케이,KOSPI
730,A085620,미래에셋생명,KOSPI
731,A086280,현대글로비스,KOSPI
732,A086790,하나금융지주,KOSPI
733,A088260,이리츠코크렙,KOSPI
734,A088350,한화생명,KOSPI
735,A088790,진도,KOSPI
736,A088980,맥쿼리인프라,KOSPI
737,A089470,HDC현대EP,KOSPI
738,A089590,제주항공,KOSPI
739,A090080,평화산업,KOSPI
740,A090350,노루페인트,KOSPI
741,A090355,노루페인트우,KOSPI
742,A090370,메타랩스,KOSPI
743,A090430,아모레퍼시픽,KOSPI
744,A090435,아모레퍼시픽우,KOSPI
745,A091090,세원셀론텍,KOSPI
746,A091160,KODEX 반도체,KOSPI
747,A091170,KODEX 은행,KOSPI
748,A091180,KODEX 자동차,KOSPI
749,A091220,TIGER 은행,KOSPI
750,A091230,TIGER 반도체,KOSPI
751,A091810,티웨이항공,KOSPI
752,A092200,디아이씨,KOSPI
753,A092220,KEC,KOSPI
754,A092230,KPX홀딩스,KOSPI
755,A092440,기신정기,KOSPI
756,A092780,동양피스톤,KOSPI
757,A093050,LF,KOSPI
758,A093230,이아이디,KOSPI
759,A093240,형지엘리트,KOSPI
760,A093370,후성,KOSPI
761,A094280,효성ITX,KOSPI
762,A094800,맵스리얼티1,KOSPI
763,A095570,AJ네트웍스,KOSPI
764,A095720,웅진씽크빅,KOSPI
765,A096300,베트남개발1,KOSPI
766,A096760,JW홀딩스,KOSPI
767,A096770,SK이노베이션,KOSPI
768,A096775,SK이노베이션우,KOSPI
769,A097230,한진중공업,KOSPI
770,A097750,TREX 중소형가치,KOSPI
771,A097950,CJ제일제당,KOSPI
772,A097955,CJ제일제당 우,KOSPI
773,A098560,TIGER 방송통신,KOSPI
774,A099140,KODEX China H,KOSPI
775,A099340,하나니켈1호,KOSPI
776,A099350,하나니켈2호,KOSPI
777,A100220,비상교육,KOSPI
778,A100250,진양홀딩스,KOSPI
779,A100840,S&TC,KOSPI
780,A100910,KOSEF KRX100,KOSPI
781,A101060,SBS미디어홀딩스,KOSPI
782,A101140,비티원,KOSPI
783,A101280,KODEX 일본TOPIX100,KOSPI
784,A101530,해태제과식품,KOSPI
785,A102110,TIGER 200,KOSPI
786,A102260,동성코퍼레이션,KOSPI
787,A102280,쌍방울,KOSPI
788,A102460,이연제약,KOSPI
789,A102780,KODEX 삼성그룹,KOSPI
790,A102960,KODEX 기계장비,KOSPI
791,A102970,KODEX 증권,KOSPI
792,A103130,웅진에너지,KOSPI
793,A103140,풍산,KOSPI
794,A103590,일진전기,KOSPI
795,A104520,KOSEF 블루칩,KOSPI
796,A104530,KOSEF 고배당,KOSPI
797,A104700,한국철강,KOSPI
798,A105010,TIGER 라틴35,KOSPI
799,A105190,KINDEX 200,KOSPI
800,A105560,KB금융,KOSPI
801,A105630,한세실업,KOSPI
802,A105780,KBSTAR 5대그룹주,KOSPI
803,A105840,우진,KOSPI
804,A107590,미원홀딩스,KOSPI
805,A108450,KINDEX 삼성그룹섹터가중,KOSPI
806,A108590,TREX 200,KOSPI
807,A108670,LG하우시스,KOSPI
808,A108675,LG하우시스우,KOSPI
809,A109070,컨버즈,KOSPI
810,A111110,호전실업,KOSPI
811,A111770,영원무역,KOSPI
812,A112610,씨에스윈드,KOSPI
813,A114090,GKL,KOSPI
814,A114100,KBSTAR 국고채3년,KOSPI
815,A114260,KODEX 국고채3년,KOSPI
816,A114460,KINDEX 중기국고채,KOSPI
817,A114470,KOSEF 국고채3년,KOSPI
818,A114800,KODEX 인버스,KOSPI
819,A114820,TIGER 국채3년,KOSPI
820,A115390,락앤락,KOSPI
821,A117460,KODEX 에너지화학,KOSPI
822,A117580,대성에너지,KOSPI
823,A117680,KODEX 철강,KOSPI
824,A117690,TIGER 차이나항셍25,KOSPI
825,A117700,KODEX 건설,KOSPI
826,A118000,우리들휴브레인,KOSPI
827,A119650,KC코트렐,KOSPI
828,A120030,조선선재,KOSPI
829,A120110,코오롱인더,KOSPI
830,A120115,코오롱인더우,KOSPI
831,A122090,ARIRANG 코스피50,KOSPI
832,A122260,KOSEF 통안채1년,KOSPI
833,A122630,KODEX 레버리지,KOSPI
834,A122900,아이마켓코리아,KOSPI
835,A123310,TIGER 인버스,KOSPI
836,A123320,TIGER 레버리지,KOSPI
837,A123690,한국화장품,KOSPI
838,A123700,SJM,KOSPI
839,A123890,한국자산신탁,KOSPI
840,A126560,현대에이치씨엔,KOSPI
841,A128820,대성산업,KOSPI
842,A128940,한미약품,KOSPI
843,A129260,인터지스,KOSPI
844,A130660,한전산업,KOSPI
845,A130680,TIGER 원유선물Enhanced(H),KOSPI
846,A130730,KOSEF 단기자금,KOSPI
847,A131890,KINDEX 삼성그룹동일가중,KOSPI
848,A132030,KODEX 골드선물(H),KOSPI
849,A133690,TIGER 미국나스닥100,KOSPI
850,A133820,화인베스틸,KOSPI
851,A134380,미원화학,KOSPI
852,A134790,시디즈,KOSPI
853,A136340,KBSTAR 중기우량회사채,KOSPI
854,A136490,선진,KOSPI
855,A137610,TIGER 농산물선물Enhanced(H),KOSPI
856,A137930,마이다스 200커버드콜5%OTM,KOSPI
857,A138040,메리츠금융지주,KOSPI
858,A138230,KOSEF 미국달러선물,KOSPI
859,A138250,엔에스쇼핑,KOSPI
860,A138490,코오롱플라스틱,KOSPI
861,A138520,TIGER 삼성그룹펀더멘털,KOSPI
862,A138530,TIGER LG그룹+펀더멘털,KOSPI
863,A138540,TIGER 현대차그룹+펀더멘털,KOSPI
864,A138910,KODEX 구리선물(H),KOSPI
865,A138920,KODEX 콩선물(H),KOSPI
866,A138930,BNK금융지주,KOSPI
867,A139130,DGB금융지주,KOSPI
868,A139220,TIGER 200 건설,KOSPI
869,A139230,TIGER 200 중공업,KOSPI
870,A139240,TIGER 200 철강소재,KOSPI
871,A139250,TIGER 200 에너지화학,KOSPI
872,A139260,TIGER 200 IT,KOSPI
873,A139270,TIGER 200 금융,KOSPI
874,A139280,TIGER 경기방어,KOSPI
875,A139290,TIGER 200 경기소비재,KOSPI
876,A139310,TIGER 금속선물(H),KOSPI
877,A139320,TIGER 금은선물(H),KOSPI
878,A139480,이마트,KOSPI
879,A139660,KOSEF 미국달러선물인버스,KOSPI
880,A140570,KBSTAR 수출주,KOSPI
881,A140580,KBSTAR 우량업종,KOSPI
882,A140700,KODEX 보험,KOSPI
883,A140710,KODEX 운송,KOSPI
884,A140910,에이리츠,KOSPI
885,A140950,파워 코스피100,KOSPI
886,A143210,핸즈코퍼레이션,KOSPI
887,A143460,KINDEX 밸류대형,KOSPI
888,A143850,TIGER 미국S&P500선물(H),KOSPI
889,A143860,TIGER 헬스케어,KOSPI
890,A144600,KODEX 은선물(H),KOSPI
891,A144620,코오롱머티리얼,KOSPI
892,A145210,세화아이엠씨,KOSPI
893,A145270,케이탑리츠,KOSPI
894,A145670,KINDEX 인버스,KOSPI
895,A145720,덴티움,KOSPI
896,A145850,TREX 펀더멘탈 200,KOSPI
897,A145990,삼양사,KOSPI
898,A145995,삼양사우,KOSPI
899,A147970,TIGER 모멘텀,KOSPI
900,A148020,KBSTAR 200,KOSPI
901,A148070,KOSEF 국고채10년,KOSPI
902,A150460,TIGER 중국소비테마,KOSPI
903,A152100,ARIRANG 200,KOSPI
904,A152280,KOSEF 200 선물,KOSPI
905,A152330,코리아오토글라스,KOSPI
906,A152380,KODEX 국채선물10년,KOSPI
907,A152500,KINDEX 레버리지,KOSPI
908,A152550,한국ANKOR유전,KOSPI
909,A152870,파워 200,KOSPI
910,A153130,KODEX 단기채권,KOSPI
911,A153270,KOSEF 코스피100,KOSPI
912,A153360,하이골드3호,KOSPI
913,A155660,DSR,KOSPI
914,A155900,바다로19호,KOSPI
915,A156080,KODEX MSCI Korea,KOSPI
916,A157450,TIGER 단기통안채,KOSPI
917,A157490,TIGER 소프트웨어,KOSPI
918,A157500,TIGER 증권,KOSPI
919,A159650,하이골드8호,KOSPI
920,A159800,마이티 코스피100,KOSPI
921,A160580,TIGER 구리실물,KOSPI
922,A161000,애경유화,KOSPI
923,A161390,한국타이어앤테크놀로지,KOSPI
924,A161510,ARIRANG 고배당주,KOSPI
925,A161890,한국콜마,KOSPI
926,A163560,동일고무벨트,KOSPI
927,A166400,TIGER 200커버드콜5%OTM,KOSPI
928,A167860,KOSEF 국고채10년레버리지,KOSPI
929,A168300,KTOP 코스피50,KOSPI
930,A168490,한국패러랠,KOSPI
931,A168580,KINDEX 중국본토CSI300,KOSPI
932,A169950,KODEX 중국본토 A50,KOSPI
933,A170350,TIGER 베타플러스,KOSPI
934,A170900,동아에스티,KOSPI
935,A172580,하이골드12호,KOSPI
936,A174350,TIGER 로우볼,KOSPI
937,A174360,KBSTAR 중국본토대형주CSI100,KOSPI
938,A175330,JB금융지주,KOSPI
939,A176710,파워 중기국고채,KOSPI
940,A176950,KODEX 국채선물10년인버스,KOSPI
941,A180640,한진칼,KOSPI
942,A18064K,한진칼우,KOSPI
943,A181480,KINDEX 미국다우존스리츠(합성 H),KOSPI
944,A181710,NHN,KOSPI
945,A182480,TIGER 미국MSCI리츠(합성 H),KOSPI
946,A182490,TIGER 단기선진하이일드(합성 H),KOSPI
947,A183190,아세아시멘트,KOSPI
948,A183700,KBSTAR 채권혼합,KOSPI
949,A183710,KBSTAR 주식혼합,KOSPI
950,A185680,KODEX 미국S&P바이오(합성),KOSPI
951,A185750,종근당,KOSPI
952,A189400,ARIRANG 글로벌MSCI(합성 H),KOSPI
953,A190160,ARIRANG 단기유동성,KOSPI
954,A190620,KINDEX 단기통안채,KOSPI
955,A192080,더블유게임즈,KOSPI
956,A192090,TIGER 차이나CSI300,KOSPI
957,A192400,쿠쿠홀딩스,KOSPI
958,A192650,드림텍,KOSPI
959,A192720,파워 고배당저변동성,KOSPI
960,A192820,코스맥스,KOSPI
961,A194370,제이에스코퍼레이션,KOSPI
962,A195870,해성디에스,KOSPI
963,A195920,TIGER 일본TOPIX(합성 H),KOSPI
964,A195930,TIGER 유로스탁스50(합성 H),KOSPI
965,A195970,ARIRANG 선진국MSCI(합성 H),KOSPI
966,A195980,ARIRANG 신흥국MSCI(합성 H),KOSPI
967,A196030,KINDEX 일본TOPIX레버리지(H),KOSPI
968,A196220,KBSTAR 일본TOPIX레버리지(H),KOSPI
969,A196230,KBSTAR 단기통안채,KOSPI
970,A200030,KODEX 미국S&P산업재(합성),KOSPI
971,A200250,KOSEF 인도Nifty50(합성),KOSPI
972,A200880,서연이화,KOSPI
973,A203780,TIGER 미국나스닥바이오,KOSPI
974,A204210,모두투어리츠,KOSPI
975,A204320,만도,KOSPI
976,A204450,KODEX China H 레버리지(H),KOSPI
977,A204480,TIGER 차이나CSI300레버리지(합성),KOSPI
978,A205720,KINDEX 일본TOPIX인버스(합성 H),KOSPI
979,A207940,삼성바이오로직스,KOSPI
980,A208470,SMART 선진국MSCI World(합성 H),KOSPI
981,A210540,디와이파워,KOSPI
982,A210780,TIGER 코스피고배당,KOSPI
983,A210980,SK디앤디,KOSPI
984,A211210,마이티 코스피고배당,KOSPI
985,A211260,KINDEX 배당성장,KOSPI
986,A211560,TIGER 배당성장,KOSPI
987,A211900,KODEX 배당성장,KOSPI
988,A213500,한솔제지,KOSPI
989,A213610,KODEX 삼성그룹밸류,KOSPI
990,A213630,ARIRANG 미국다우존스고배당주(합성 H),KOSPI
991,A214320,이노션,KOSPI
992,A214330,금호에이치티,KOSPI
993,A214390,경보제약,KOSPI
994,A214420,토니모리,KOSPI
995,A214980,KODEX 단기채권PLUS,KOSPI
996,A215620,흥국 S&P코리아로우볼,KOSPI
997,A217770,TIGER 원유선물인버스(H),KOSPI
998,A217780,TIGER 차이나CSI300인버스(합성),KOSPI
999,A217790,TIGER 가격조정,KOSPI
1000,A218420,KODEX 미국S&P에너지(합성),KOSPI
1001,A219390,KBSTAR 미국S&P원유생산기업(합성 H),KOSPI
1002,A219480,KODEX 미국S&P500선물(H),KOSPI
1003,A219900,KINDEX 중국본토CSI300레버리지(합성),KOSPI
1004,A220130,SMART 중국본토 중소형 CSI500(합성 H),KOSPI
1005,A222180,ARIRANG 스마트베타 Value,KOSPI
1006,A222190,ARIRANG 스마트베타 Momentum,KOSPI
1007,A222200,ARIRANG 스마트베타 Quality,KOSPI
1008,A223190,KODEX 200가치저변동,KOSPI
1009,A225030,TIGER 미국S&P500선물인버스(H),KOSPI
1010,A225040,TIGER 미국S&P500레버리지(합성 H),KOSPI
1011,A225050,TIGER 유로스탁스레버리지(합성 H),KOSPI
1012,A225060,TIGER 이머징마켓MSCI레버리지(합성 H),KOSPI
1013,A225130,KINDEX 골드선물 레버리지(합성 H),KOSPI
1014,A225800,KOSEF 미국달러선물레버리지,KOSPI
1015,A226320,잇츠한불,KOSPI
1016,A226380,KINDEX 한류,KOSPI
1017,A226490,KODEX 코스피,KOSPI
1018,A226980,KODEX 200 중소형,KOSPI
1019,A227540,TIGER 200 헬스케어,KOSPI
1020,A227550,TIGER 200 산업재,KOSPI
1021,A227560,TIGER 200 생활소비재,KOSPI
1022,A227570,TIGER 우량가치,KOSPI
1023,A227830,ARIRANG 코스피,KOSPI
1024,A227840,현대코퍼레이션홀딩스,KOSPI
1025,A228790,TIGER 화장품,KOSPI
1026,A228800,TIGER 여행레저,KOSPI
1027,A228810,TIGER 미디어컨텐츠,KOSPI
1028,A228820,TIGER KTOP30,KOSPI
1029,A229200,KODEX 코스닥 150,KOSPI
1030,A229640,LS전선아시아,KOSPI
1031,A229720,KODEX KTOP30,KOSPI
1032,A230480,KOSEF 미국달러선물 인버스2X(합성),KOSPI
1033,A232080,TIGER 코스닥150,KOSPI
1034,A233160,TIGER 코스닥150 레버리지,KOSPI
1035,A233740,KODEX 코스닥150 레버리지,KOSPI
1036,A234080,JW생명과학,KOSPI
1037,A234310,KBSTAR V&S셀렉트밸류,KOSPI
1038,A236350,TIGER 인도니프티50레버리지(합성),KOSPI
1039,A236460,ARIRANG 스마트베타 LowVOL,KOSPI
1040,A237350,KODEX 코스피100,KOSPI
1041,A237370,KODEX 배당성장채권혼합,KOSPI
1042,A237440,TIGER 경기방어채권혼합,KOSPI
1043,A238670,ARIRANG 스마트베타Quality채권혼합,KOSPI
1044,A238720,KINDEX 일본Nikkei225(H),KOSPI
1045,A239660,ARIRANG 우량회사채50 1년,KOSPI
1046,A241180,TIGER 일본니케이225,KOSPI
1047,A241390,KBSTAR V&S셀렉트밸류채권혼합,KOSPI
1048,A241560,두산밥캣,KOSPI
1049,A241590,화승엔터프라이즈,KOSPI
1050,A243880,TIGER 200IT레버리지,KOSPI
1051,A243890,TIGER 200에너지화학레버리지,KOSPI
1052,A244580,KODEX 바이오,KOSPI
1053,A244620,KODEX 모멘텀Plus,KOSPI
1054,A244660,KODEX 퀄리티Plus,KOSPI
1055,A244670,KODEX 밸류Plus,KOSPI
1056,A245340,TIGER 미국다우존스30,KOSPI
1057,A245350,TIGER 유로스탁스배당30,KOSPI
1058,A245360,TIGER 차이나HSCEI,KOSPI
1059,A245710,KINDEX 베트남VN30(합성),KOSPI
1060,A247780,KODEX 가치투자,KOSPI
1061,A247790,KODEX 성장투자,KOSPI
1062,A247800,KODEX 턴어라운드투자,KOSPI
1063,A248170,샘표식품,KOSPI
1064,A248260,TIGER 일본TOPIX헬스케어(합성),KOSPI
1065,A248270,TIGER S&P글로벌헬스케어(합성),KOSPI
1066,A249420,일동제약,KOSPI
1067,A250730,KBSTAR 차이나HSCEI(H),KOSPI
1068,A250780,TIGER 코스닥150선물인버스,KOSPI
1069,A251270,넷마블,KOSPI
1070,A251340,KODEX 코스닥150선물인버스,KOSPI
1071,A251350,KODEX 선진국MSCI World,KOSPI
1072,A251590,ARIRANG 고배당저변동50,KOSPI
1073,A251600,ARIRANG 고배당주채권혼합,KOSPI
1074,A251890,KINDEX 코스닥(합성),KOSPI
1075,A252000,TIGER 200동일가중,KOSPI
1076,A252400,KBSTAR 200선물레버리지,KOSPI
1077,A252410,KBSTAR 200선물인버스,KOSPI
1078,A252420,KBSTAR 200선물인버스2X,KOSPI
1079,A252650,KODEX 200동일가중,KOSPI
1080,A252670,KODEX 200선물인버스2X,KOSPI
1081,A252710,TIGER 200선물인버스2X,KOSPI
1082,A252720,KBSTAR 모멘텀밸류,KOSPI
1083,A252730,KBSTAR 모멘텀로우볼,KOSPI
1084,A253150,ARIRANG 200선물레버리지,KOSPI
1085,A253160,ARIRANG 200선물인버스2X,KOSPI
1086,A253230,KOSEF 200선물인버스2X,KOSPI
1087,A253240,KOSEF 200선물인버스,KOSPI
1088,A253250,KOSEF 200선물레버리지,KOSPI
1089,A253280,KBSTAR 헬스케어,KOSPI
1090,A253290,KBSTAR 헬스케어채권혼합,KOSPI
1091,A253990,TIGER 대만TAIEX선물(H),KOSPI
1092,A256440,KINDEX 인도네시아MSCI(합성),KOSPI
1093,A256450,ARIRANG 심천차이넥스트(합성),KOSPI
1094,A256750,KODEX 심천ChiNext(합성),KOSPI
1095,A260200,KOSEF 배당바이백Plus,KOSPI
1096,A260270,KOSEF 저PBR가중,KOSPI
1097,A261060,TIGER 코스닥150IT,KOSPI
1098,A261070,TIGER 코스닥150바이오테크,KOSPI
1099,A261110,TIGER 미국달러선물레버리지,KOSPI
1100,A261120,TIGER 미국달러선물인버스2X,KOSPI
1101,A261140,TIGER 우선주,KOSPI
1102,A261220,KODEX WTI원유선물(H),KOSPI
1103,A261240,KODEX 미국달러선물,KOSPI
1104,A261250,KODEX 미국달러선물레버리지,KOSPI
1105,A261260,KODEX 미국달러선물인버스2X,KOSPI
1106,A261270,KODEX 미국달러선물인버스,KOSPI
1107,A261920,KINDEX 필리핀MSCI(합성),KOSPI
1108,A263190,ARIRANG 단기우량채권,KOSPI
1109,A264900,크라운제과,KOSPI
1110,A26490K,크라운제과우,KOSPI
1111,A265690,KINDEX 러시아MSCI(합성),KOSPI
1112,A266140,TIGER 지속배당,KOSPI
1113,A266160,KBSTAR 고배당,KOSPI
1114,A266360,KODEX 미디어&엔터테인먼트,KOSPI
1115,A266370,KODEX IT,KOSPI
1116,A266390,KODEX 경기소비재,KOSPI
1117,A266410,KODEX 필수소비재,KOSPI
1118,A266420,KODEX 헬스케어,KOSPI
1119,A266550,ARIRANG 중형주저변동50,KOSPI
1120,A267250,현대중공업지주,KOSPI
1121,A267260,현대일렉트릭,KOSPI
1122,A267270,현대건설기계,KOSPI
1123,A267290,경동도시가스,KOSPI
1124,A267300,TIGER 코스닥150로우볼,KOSPI
1125,A267440,KBSTAR 미국장기국채선물(H),KOSPI
1126,A267450,KBSTAR 미국장기국채선물인버스(H),KOSPI
1127,A267490,KBSTAR 미국장기국채선물레버리지(합성 H),KOSPI
1128,A267500,KBSTAR 미국장기국채선물인버스2X(합성 H),KOSPI
1129,A267770,TIGER 200선물레버리지,KOSPI
1130,A267850,아시아나IDT,KOSPI
1131,A268280,미원에스씨,KOSPI
1132,A269370,TIGER S&P글로벌인프라(합성),KOSPI
1133,A269420,KODEX S&P글로벌인프라(합성),KOSPI
1134,A269530,ARIRANG S&P글로벌인프라,KOSPI
1135,A269540,ARIRANG 미국S&P500(H),KOSPI
1136,A270800,KBSTAR KQ고배당,KOSPI
1137,A270810,KBSTAR 코스닥150,KOSPI
1138,A271050,KODEX WTI원유선물인버스(H),KOSPI
1139,A271060,KODEX 3대농산물선물(H),KOSPI
1140,A271560,오리온,KOSPI
1141,A271980,제일약품,KOSPI
1142,A272220,KINDEX 스마트모멘텀,KOSPI
1143,A272230,KINDEX 스마트밸류,KOSPI
1144,A272450,진에어,KOSPI
1145,A272550,삼양패키징,KOSPI
1146,A272560,KBSTAR 단기국공채액티브,KOSPI
1147,A272570,KBSTAR 중장기국공채액티브,KOSPI
1148,A272580,TIGER 단기채권액티브,KOSPI
1149,A272910,KINDEX 중장기국공채액티브,KOSPI
1150,A273130,KODEX 종합채권(AA-이상)액티브,KOSPI
1151,A273140,KODEX 단기변동금리부채권액티브,KOSPI
1152,A275280,KODEX MSCI모멘텀,KOSPI
1153,A275290,KODEX MSCI밸류,KOSPI
1154,A275300,KODEX MSCI퀄리티,KOSPI
1155,A275540,파워 스마트밸류,KOSPI
1156,A275750,KBSTAR 코스닥150선물인버스,KOSPI
1157,A275980,TIGER 글로벌4차산업혁신기술(합성 H),KOSPI
1158,A276000,TIGER 글로벌자원생산기업(합성 H),KOSPI
1159,A276650,KBSTAR 글로벌4차산업IT(합성 H),KOSPI
1160,A276970,KODEX 미국S&P고배당커버드콜(합성 H),KOSPI
1161,A276990,KODEX 글로벌4차산업로보틱스(합성),KOSPI
1162,A277540,KINDEX S&P아시아TOP50,KOSPI
1163,A277630,TIGER 코스피,KOSPI
1164,A277640,TIGER 코스피대형주,KOSPI
1165,A277650,TIGER 코스피중형주,KOSPI
1166,A278240,KBSTAR 코스닥150선물레버리지,KOSPI
1167,A278420,ARIRANG ESG우수기업,KOSPI
1168,A278530,KODEX 200TR,KOSPI
1169,A278540,KODEX MSCI Korea TR,KOSPI
1170,A278620,ARIRANG 단기채권액티브,KOSPI
1171,A279530,KODEX 고배당,KOSPI
1172,A279540,KODEX 최소변동성,KOSPI
1173,A280320,KINDEX 미국4차산업인터넷(합성 H),KOSPI
1174,A280360,롯데제과,KOSPI
1175,A280920,ARIRANG 주도업종,KOSPI
1176,A280930,KODEX 미국러셀2000(H),KOSPI
1177,A280940,KODEX 골드선물인버스(H),KOSPI
1178,A281820,케이씨텍,KOSPI
1179,A281990,KBSTAR 중소형고배당,KOSPI
1180,A282000,KBSTAR 국고채3년선물인버스,KOSPI
1181,A282330,BGF리테일,KOSPI
1182,A282690,동아타이어,KOSPI
1183,A283580,KODEX 중국본토CSI300,KOSPI
1184,A283930,KBSTAR 지주회사,KOSPI
1185,A284430,KODEX 200미국채혼합,KOSPI
1186,A284740,쿠쿠홈시스,KOSPI
1187,A284980,KBSTAR 200금융,KOSPI
1188,A284990,KBSTAR 200에너지화학,KOSPI
1189,A285000,KBSTAR 200IT,KOSPI
1190,A285010,KBSTAR 200중공업,KOSPI
1191,A285020,KBSTAR 200철강소재,KOSPI
1192,A285130,SK케미칼,KOSPI
1193,A28513K,SK케미칼우,KOSPI
1194,A285690,FOCUS ESG리더스,KOSPI
1195,A286940,롯데정보통신,KOSPI
1196,A287180,ARIRANG 미국나스닥기술주,KOSPI
1197,A287300,KBSTAR 200건설,KOSPI
1198,A287310,KBSTAR 200경기소비재,KOSPI
1199,A287320,KBSTAR 200산업재,KOSPI
1200,A287330,KBSTAR 200생활소비재,KOSPI
1201,A289040,KODEX MSCI KOREA ESG유니버설,KOSPI
1202,A289250,TIGER MSCI KOREA ESG유니버설,KOSPI
1203,A289260,TIGER MSCI KOREA ESG리더스,KOSPI
1204,A289480,TIGER 200커버드콜ATM,KOSPI
1205,A289670,ARIRANG 국채선물10년,KOSPI
1206,A290080,KBSTAR 200고배당커버드콜ATM,KOSPI
1207,A290130,KBSTAR ESG사회책임투자,KOSPI
1208,A291130,KINDEX 멕시코MSCI(합성),KOSPI
1209,A291610,KOSEF 코스닥150선물,KOSPI
1210,A291620,KOSEF 코스닥150선물인버스,KOSPI
1211,A291630,KOSEF 코스닥150선물레버리지,KOSPI
1212,A291660,KODEX China H선물인버스(H),KOSPI
1213,A291680,KBSTAR 차이나H선물인버스(H),KOSPI
1214,A291890,KODEX MSCI EM선물(H),KOSPI
1215,A292050,KBSTAR KRX300,KOSPI
1216,A292100,TIGER 대형성장,KOSPI
1217,A292110,TIGER 대형가치,KOSPI
1218,A292120,TIGER 중소형,KOSPI
1219,A292130,TIGER 중소형성장,KOSPI
1220,A292140,TIGER 중소형가치,KOSPI
1221,A292150,TIGER TOP10,KOSPI
1222,A292160,TIGER KRX300,KOSPI
1223,A292190,KODEX KRX300,KOSPI
1224,A292340,마이티 200커버드콜ATM레버리지,KOSPI
1225,A292500,SMART KRX300,KOSPI
1226,A292560,TIGER 일본엔선물,KOSPI
1227,A292570,TIGER 일본엔선물레버리지,KOSPI
1228,A292580,TIGER 일본엔선물인버스,KOSPI
1229,A292590,TIGER 일본엔선물인버스2X,KOSPI
1230,A292730,FOCUS KRX300,KOSPI
1231,A292750,ARIRANG KRX300,KOSPI
1232,A292770,KODEX 국채선물3년인버스,KOSPI
1233,A293180,HANARO 200,KOSPI
1234,A293480,하나제약,KOSPI
1235,A293940,신한알파리츠,KOSPI
1236,A294400,KOSEF 200TR,KOSPI
1237,A294870,HDC현대산업개발,KOSPI
1238,A295000,KBSTAR 국채선물10년,KOSPI
1239,A295020,KBSTAR 국채선물10년인버스,KOSPI
1240,A295040,SMART 200TR,KOSPI
1241,A295820,ARIRANG 200동일가중,KOSPI
1242,A295840,ARIRANG 200밸류,KOSPI
1243,A295860,ARIRANG 200모멘텀,KOSPI
1244,A295880,ARIRANG 200퀄리티,KOSPI
1245,A295890,ARIRANG 200로우볼,KOSPI
1246,A296710,KODEX FnKorea50,KOSPI
1247,A298000,효성화학,KOSPI
1248,A298020,효성티앤씨,KOSPI
1249,A298040,효성중공업,KOSPI
1250,A298050,효성첨단소재,KOSPI
1251,A298340,ARIRANG 국채선물3년,KOSPI
1252,A298690,에어부산,KOSPI
1253,A298770,KODEX 한국대만IT프리미어,KOSPI
1254,A299070,KINDEX 국채선물10년인버스,KOSPI
1255,A299080,KINDEX 국채선물3년인버스,KOSPI
1256,A300280,KBSTAR 중소형모멘텀로우볼,KOSPI
1257,A300290,KBSTAR 중소형모멘텀밸류,KOSPI
1258,A300300,KBSTAR KQ모멘텀로우볼,KOSPI
1259,A300310,KBSTAR KQ모멘텀밸류,KOSPI
1260,A300610,TIGER K게임,KOSPI
1261,A300640,KBSTAR 게임테마,KOSPI
1262,A300720,한일시멘트,KOSPI
1263,A300950,KODEX 게임산업,KOSPI
1264,A301400,ARIRANG 코스닥150,KOSPI
1265,A301410,ARIRANG 코스닥150선물인버스,KOSPI
1266,A301440,ARIRANG 코스피중형주,KOSPI
1267,A302170,TIGER 국채선물3년인버스,KOSPI
1268,A302180,TIGER 국채선물10년인버스,KOSPI
1269,A302190,TIGER 중장기국채,KOSPI
1270,A302200,TIGER 중장기국채선물인버스,KOSPI
1271,A302210,TIGER 중장기국채선물인버스2X,KOSPI
1272,A302450,KBSTAR 코스피,KOSPI
1273,A304660,KODEX 미국채울트라30년선물(H),KOSPI
1274,A304670,KODEX 미국채울트라30년선물인버스(H),KOSPI
1275,A304760,HANARO KRX300,KOSPI
1276,A304770,HANARO 코스닥150,KOSPI
1277,A304780,HANARO 200선물레버리지,KOSPI
1278,A304940,KODEX 미국나스닥100선물(H),KOSPI
1279,A305050,KINDEX 코스피,KOSPI
1280,A305080,TIGER 미국채10년선물,KOSPI
1281,A305540,TIGER 2차전지테마,KOSPI
1282,A305720,KODEX 2차전지산업,KOSPI
1283,A306200,세아제강,KOSPI
1284,A306520,HANARO 200선물인버스,KOSPI
1285,A306530,HANARO 코스닥150선물레버리지,KOSPI
1286,A306540,HANARO 단기통안채,KOSPI
1287,A306950,KODEX KRX300레버리지,KOSPI
1288,A306960,KODEX KRX300선물인버스,KOSPI
1289,A307010,KBSTAR KRX300레버리지,KOSPI
1290,A307020,KBSTAR KRX300선물인버스,KOSPI
1291,A307510,TIGER 의료기기,KOSPI
1292,A307520,TIGER 지주회사,KOSPI
1293,A307610,TIGER KRX300레버리지,KOSPI
1294,A307620,TIGER KRX300선물인버스,KOSPI
1295,A307950,현대오토에버,KOSPI
1296,A308620,KODEX 미국채10년선물,KOSPI
1297,A309170,ARIRANG KRX300IT,KOSPI
1298,A309180,ARIRANG KRX300금융,KOSPI
1299,A309190,ARIRANG KRX300산업재,KOSPI
1300,A309200,ARIRANG KRX300자유소비재,KOSPI
1301,A309210,ARIRANG KRX300헬스케어,KOSPI
1302,A309230,KINDEX 미국WideMoat가치주,KOSPI
1303,A310080,KBSTAR 중국MSCI China선물(H),KOSPI
1304,A310960,TIGER 200TR,KOSPI
1305,A310970,TIGER MSCI Korea TR,KOSPI
1306,A314250,KODEX 미국FANG플러스(H),KOSPI
1307,A314700,HANARO 농업융복합산업,KOSPI
1308,A315270,TIGER 200커뮤니케이션서비스,KOSPI
1309,A315480,KBSTAR 200커뮤니케이션서비스,KOSPI
1310,A315930,KODEX Top5PlusTR,KOSPI
1311,A315960,KBSTAR 대형고배당10TR,KOSPI
1312,A316140,우리금융지주,KOSPI
1313,A316300,KINDEX 싱가포르리츠,KOSPI
1314,A316670,KOSEF 코스닥150,KOSPI
1315,A319640,TIGER 골드선물(H),KOSPI
1316,A319870,KBSTAR KRX300미국달러선물혼합,KOSPI
1317,A321410,KODEX 멀티에셋하이인컴(H),KOSPI
1318,A322120,KINDEX 스마트퀄리티,KOSPI
1319,A322130,KINDEX 스마트로우볼,KOSPI
1320,A322150,KINDEX 스마트하이베타,KOSPI
1321,A322400,HANARO e커머스,KOSPI
1322,A322410,HANARO 고배당,KOSPI
1323,A325010,KODEX Fn성장,KOSPI
1324,A325020,KODEX 배당가치,KOSPI
1325,A326230,KBSTAR 내수주플러스,KOSPI
1326,A326240,KBSTAR IT플러스,KOSPI
1327,A328370,ARIRANG 코스피TR,KOSPI
1328,A329200,TIGER 부동산인프라고배당,KOSPI
1329,A329650,KODEX TRF3070,KOSPI
1330,A329660,KODEX TRF5050,KOSPI
1331,A329670,KODEX TRF7030,KOSPI
1332,A329750,TIGER 미국달러단기채권액티브,KOSPI
1333,A330590,롯데리츠,KOSPI
1334,A331910,KOSEF Fn중소형,KOSPI
1335,A332500,KINDEX 200TR,KOSPI
1336,A332610,ARIRANG 미국단기우량회사채,KOSPI
1337,A332620,ARIRANG 미국장기우량회사채,KOSPI
1338,A332930,HANARO 200TR,KOSPI
1339,A332940,HANARO MSCI Korea TR,KOSPI
1340,A333940,ARIRANG KS로우볼가중TR,KOSPI
1341,A333950,ARIRANG KS로우사이즈가중TR,KOSPI
1342,A333960,ARIRANG KS모멘텀가중TR,KOSPI
1343,A333970,ARIRANG KS밸류가중TR,KOSPI
1344,A333980,ARIRANG KS퀄리티가중TR,KOSPI
1345,A334690,KBSTAR 팔라듐선물(H),KOSPI
1346,A334700,KBSTAR 팔라듐선물인버스(H),KOSPI
1347,A336160,KBSTAR 금융채액티브,KOSPI
1348,A336260,두산퓨얼셀,KOSPI
1349,A33626K,두산퓨얼셀1우,KOSPI
1350,A33626L,두산퓨얼셀2우B,KOSPI
1351,A336370,두산솔루스,KOSPI
1352,A33637K,두산솔루스1우,KOSPI
1353,A33637L,두산솔루스2우B,KOSPI
1354,A900140,엘브이엠씨홀딩스,KOSPI
1355,Q500001,신한 K200 USD 선물 바이셀 ETN,KOSPI
1356,Q500002,신한 USD K200 선물 바이셀 ETN,KOSPI
1357,Q500003,신한 인버스 WTI원유 선물 ETN(H),KOSPI
1358,Q500004,신한 브렌트원유 선물 ETN(H),KOSPI
1359,Q500005,신한 인버스 브렌트원유 선물 ETN(H),KOSPI
1360,Q500006,신한 인버스 금 선물 ETN(H),KOSPI
1361,Q500007,신한 인버스 은 선물 ETN(H),KOSPI
1362,Q500008,신한 인버스 구리 선물 ETN(H),KOSPI
1363,Q500009,신한 다우존스지수 선물 ETN(H),KOSPI
1364,Q500010,신한 인버스 다우존스지수 선물 ETN(H),KOSPI
1365,Q500011,신한 달러인덱스 선물 ETN(H),KOSPI
1366,Q500012,신한 인버스 달러인덱스 선물 ETN(H),KOSPI
1367,Q500013,신한 옥수수 선물 ETN(H),KOSPI
1368,Q500014,신한 인버스 옥수수 선물 ETN(H),KOSPI
1369,Q500015,신한 WTI원유 선물 ETN(H),KOSPI
1370,Q500016,신한 금 선물 ETN(H),KOSPI
1371,Q500017,신한 은 선물 ETN(H),KOSPI
1372,Q500018,신한 구리 선물 ETN(H),KOSPI
1373,Q500019,신한 레버리지 WTI원유 선물 ETN(H),KOSPI
1374,Q500020,신한 레버리지 다우존스지수 선물 ETN(H),KOSPI
1375,Q500021,신한 천연가스 선물 ETN(H),KOSPI
1376,Q500022,신한 인버스 천연가스 선물 ETN(H),KOSPI
1377,Q500023,신한 콩 선물 ETN(H),KOSPI
1378,Q500024,신한 인버스 콩 선물 ETN(H),KOSPI
1379,Q500025,신한 MSCI 인도네시아 선물 ETN(H),KOSPI
1380,Q500026,신한 인버스 MSCI 인도네시아 선물 ETN(H),KOSPI
1381,Q500027,신한 인버스 2X WTI원유 선물 ETN(H),KOSPI
1382,Q500028,신한 인버스 2X 다우존스지수 선물 ETN(H),KOSPI
1383,Q500029,신한 레버리지 은 선물 ETN(H),KOSPI
1384,Q500030,신한 인버스 2X 은 선물 ETN(H),KOSPI
1385,Q500031,신한 레버리지 천연가스 선물 ETN(H),KOSPI
1386,Q500032,신한 인버스 2X 천연가스 선물 ETN(H),KOSPI
1387,Q500035,신한 레버리지 미국달러 선물 ETN,KOSPI
1388,Q500036,신한 인버스 2X 미국달러 선물 ETN,KOSPI
1389,Q500037,신한 레버리지 금 선물 ETN,KOSPI
1390,Q500038,신한 인버스 2X 금 선물 ETN,KOSPI
1391,Q500039,신한 코스피 콘도르 4/10% ETN,KOSPI
1392,Q500040,신한 레버리지 구리 선물 ETN,KOSPI
1393,Q500041,신한 인버스 2X 구리 선물 ETN,KOSPI
1394,Q500042,신한 코스피 콘도르 6/10% ETN,KOSPI
1395,Q500043,신한 코스피 콘도르 4/10% 콜 2204-01 ETN,KOSPI
1396,Q500044,신한 코스피 콘도르 6/10% 콜 2204-01 ETN,KOSPI
1397,Q500045,신한 S&P500 VIX S/T 선물 ETN B,KOSPI
1398,Q500046,신한 코스피 월별 양매도 3% OTM ETN,KOSPI
1399,Q500047,신한 코스피 월별 양매도 5% OTM ETN,KOSPI
1400,Q500048,신한 코스피 월별 양매도 3% 콜 2206-1 ETN,KOSPI
1401,Q500049,신한 코스피 월별 양매도 5% 콜 2206-1 ETN,KOSPI
1402,Q500050,신한 레버리지 S&P500 선물 ETN,KOSPI
1403,Q500051,신한 인버스 2X S&P500 선물 ETN,KOSPI
1404,Q500052,신한 FnGuide 5G 테마주 ETN,KOSPI
1405,Q510001,대신 WTI원유 선물 ETN(H),KOSPI
1406,Q510002,대신 아연선물 ETN(H),KOSPI
1407,Q510003,대신 니켈선물 ETN(H),KOSPI
1408,Q510004,대신 인버스 아연선물 ETN(H),KOSPI
1409,Q510005,대신 2X 아연선물 ETN(H),KOSPI
1410,Q510006,대신 인버스 니켈선물 ETN(H),KOSPI
1411,Q510007,대신 2X 니켈선물 ETN(H),KOSPI
1412,Q510008,대신 철광석 선물 ETN(H),KOSPI
1413,Q510009,대신 인버스 철광석 선물 ETN(H),KOSPI
1414,Q510010,대신 인버스 2X 니켈선물 ETN(H),KOSPI
1415,Q510011,대신 골드 커버드콜 타겟 5%인컴 ETN(H),KOSPI
1416,Q520003,미래에셋 원자재 선물 ETN(H),KOSPI
1417,Q520004,미래에셋 전기전자 Core5 ETN,KOSPI
1418,Q520005,미래에셋 인버스 전기전자 Core5 ETN,KOSPI
1419,Q520006,미래에셋 에너지화학 Core5 ETN,KOSPI
1420,Q520007,미래에셋 인버스 에너지화학 Core5 ETN,KOSPI
1421,Q520009,미래에셋 레버리지 원유선물혼합 ETN(H),KOSPI
1422,Q520010,미래에셋 원유선물혼합 ETN(H),KOSPI
1423,Q520011,미래에셋 인버스 원유선물혼합 ETN(H),KOSPI
1424,Q520012,미래에셋 호주 ASX200 ETN(H),KOSPI
1425,Q520013,미래에셋 Q150 Core5 ETN,KOSPI
1426,Q520014,미래에셋 미디어엔터 Core5 ETN,KOSPI
1427,Q520015,미래에셋 인버스 미디어엔터 Core5 ETN,KOSPI
1428,Q520020,미래에셋 미국 시니어론 100 ETN(H),KOSPI
1429,Q520021,미래에셋 미국 시니어론 100 ETN,KOSPI
1430,Q520026,미래에셋 코스피 양매도 5% OTM ETN,KOSPI
1431,Q520029,미래에셋 양매도 5% Auto-KO-C 2205-01 ETN,KOSPI
1432,Q530002,삼성 인버스 China A50 선물 ETN(H),KOSPI
1433,Q530003,삼성 모멘텀 탑픽 ETN,KOSPI
1434,Q530004,삼성 화장품 테마주 ETN,KOSPI
1435,Q530005,삼성 바이오 테마주 ETN,KOSPI
1436,Q530006,삼성 음식료 테마주 ETN,KOSPI
1437,Q530007,삼성 레저 테마주 ETN,KOSPI
1438,Q530008,삼성 미디어 테마주 ETN,KOSPI
1439,Q530009,삼성 증권 테마주 ETN,KOSPI
1440,Q530010,삼성 건축자재 테마주 ETN,KOSPI
1441,Q530011,삼성 온라인쇼핑 테마주 ETN,KOSPI
1442,Q530012,삼성 화학 테마주 ETN,KOSPI
1443,Q530013,삼성 KTOP30 ETN,KOSPI
1444,Q530014,삼성 China A50 선물 ETN(H),KOSPI
1445,Q530015,삼성 미국 대형 성장주 ETN(H),KOSPI
1446,Q530016,삼성 미국 대형 가치주 ETN(H),KOSPI
1447,Q530017,삼성 미국 중소형 성장주 ETN(H),KOSPI
1448,Q530018,삼성 미국 중소형 가치주 ETN(H),KOSPI
1449,Q530019,삼성 미국 대형 성장주 ETN,KOSPI
1450,Q530020,삼성 미국 대형 가치주 ETN,KOSPI
1451,Q530021,삼성 미국 중소형 성장주 ETN,KOSPI
1452,Q530022,삼성 미국 중소형 가치주 ETN,KOSPI
1453,Q530023,삼성 레버리지 China A50 선물 ETN(H),KOSPI
1454,Q530031,삼성 레버리지 WTI원유 선물 ETN,KOSPI
1455,Q530032,삼성 Cushing 에너지인프라 MLP ETN,KOSPI
1456,Q530033,삼성 Alerian 에너지인프라 MLP ETN,KOSPI
1457,Q530036,삼성 인버스 2X WTI원유 선물 ETN,KOSPI
1458,Q530037,삼성 레버리지 천연가스 선물 ETN,KOSPI
1459,Q530038,삼성 인버스 2X 천연가스 선물 ETN,KOSPI
1460,Q530053,삼성 코스피 풋매도 ETN,KOSPI
1461,Q530055,삼성 레버리지 금 선물 ETN(H),KOSPI
1462,Q530056,삼성 인버스 2X 금 선물 ETN(H),KOSPI
1463,Q530060,삼성 코스피 양매도 5% OTM ETN,KOSPI
1464,Q530061,삼성 레버리지 은 선물 ETN(H),KOSPI
1465,Q530062,삼성 인버스 2X 은 선물 ETN(H),KOSPI
1466,Q530063,삼성 레버리지 구리 선물 ETN(H),KOSPI
1467,Q530064,삼성 인버스 2X 구리 선물 ETN(H),KOSPI
1468,Q530065,삼성 S&P500 VIX S/T 선물 ETN(H) B,KOSPI
1469,Q550001,QV Big Vol ETN,KOSPI
1470,Q550002,QV WISE 배당 ETN,KOSPI
1471,Q550003,QV 스마트리밸런싱 250/3 ETN,KOSPI
1472,Q550004,QV 롱숏 K150 매수 로우볼 매도 ETN,KOSPI
1473,Q550005,QV 에너지 TOP5 ETN,KOSPI
1474,Q550006,QV 내수소비 TOP5 ETN,KOSPI
1475,Q550007,QV 조선 TOP5 ETN,KOSPI
1476,Q550008,QV 소프트웨어 TOP5 ETN,KOSPI
1477,Q550009,QV 하드웨어 TOP5 ETN,KOSPI
1478,Q550010,QV 운송 TOP5 ETN,KOSPI
1479,Q550011,QV 자동차 TOP5 ETN,KOSPI
1480,Q550012,QV 의료 TOP5 ETN,KOSPI
1481,Q550013,QV 화학 TOP5 ETN,KOSPI
1482,Q550014,QV 바이오 TOP5 ETN,KOSPI
1483,Q550015,QV 제약 TOP5 ETN,KOSPI
1484,Q550016,QV 건설 TOP5 ETN,KOSPI
1485,Q550018,QV CHINEXT ETN(H),KOSPI
1486,Q550026,QV KTOP30 ETN,KOSPI
1487,Q550033,QV 스마트리밸런싱 260/4 ETN,KOSPI
1488,Q550041,QV 미국 IT TOP5 ETN(H),KOSPI
1489,Q550042,QV 레버리지 WTI원유 선물 ETN(H),KOSPI
1490,Q550043,QV 인버스 레버리지 WTI원유 선물 ETN(H),KOSPI
1491,Q550044,QV 레버리지 S&P500 ETN,KOSPI
1492,Q550045,QV 인버스 레버리지 S&P500 ETN,KOSPI
1493,Q550046,QV 레버리지 10년 국채선물 ETN,KOSPI
1494,Q550047,QV 인버스 레버리지 10년 국채선물 ETN,KOSPI
1495,Q550052,QV MSCI 선진국 ETN,KOSPI
1496,Q550053,QV 인버스 MSCI 선진국 ETN,KOSPI
1497,Q550054,QV 레버리지 MSCI 선진국 ETN,KOSPI
1498,Q550055,QV 인버스 레버리지 MSCI 선진국 ETN,KOSPI
1499,Q550056,QV 코스피 양매도 5% OTM ETN,KOSPI
1500,Q550057,QV 코스피 변동성 매칭형 양매도 ETN,KOSPI
1501,Q550058,QV S&P500 VIX S/T 선물 ETN B,KOSPI
1502,Q570003,TRUE 빅5 동일가중 ETN,KOSPI
1503,Q570008,TRUE 섹터탑픽 ETN,KOSPI
1504,Q570009,TRUE 코리아프리미어 ETN,KOSPI
1505,Q570019,TRUE 코스피 양매도 5% OTM ETN,KOSPI
1506,Q570020,TRUE 코스피 커버드콜 ETN B,KOSPI
1507,Q570021,TRUE 코스피 커버드풋 ETN B,KOSPI
1508,Q570022,TRUE 레버리지 S&P500 선물 ETN(H),KOSPI
1509,Q570023,TRUE 인버스 2X S&P500 선물 ETN(H),KOSPI
1510,Q570024,TRUE 코스피 타겟볼20 ETN,KOSPI
1511,Q570025,TRUE 인버스 유로스탁스50 ETN(H) B,KOSPI
1512,Q570026,TRUE 레버리지 유로스탁스50 ETN(H),KOSPI
1513,Q570027,TRUE 인버스 2X 유로스탁스50 ETN(H),KOSPI
1514,Q570028,TRUE 인버스 HSCEI ETN(H) B,KOSPI
1515,Q570029,TRUE 코스피 양매도 3% OTM ETN,KOSPI
1516,Q570030,TRUE 코스피 양매도 ATM ETN,KOSPI
1517,Q570031,TRUE 레버리지 HSCEI ETN(H),KOSPI
1518,Q570032,TRUE 인버스 2X HSCEI ETN(H),KOSPI
1519,Q570034,TRUE 엔선물 ETN B,KOSPI
1520,Q570035,TRUE 레버리지 엔선물 ETN B,KOSPI
1521,Q570036,TRUE 인버스 엔선물 ETN B,KOSPI
1522,Q570037,TRUE 유로선물 ETN B,KOSPI
1523,Q570038,TRUE 인버스 유로선물 ETN B,KOSPI
1524,Q570042,TRUE 인버스 나스닥 100 ETN,KOSPI
1525,Q570043,TRUE 레버리지 나스닥 100 ETN,KOSPI
1526,Q570044,TRUE 인버스 2X 나스닥 100 ETN,KOSPI
1527,Q580006,KB KTOP30 ETN,KOSPI
1528,Q580007,KB KQ 우량주30 ETN,KOSPI
1529,Q580008,KB 코스피 양매도 5% OTM ETN,KOSPI
1530,Q580009,KB 코스피 마운틴 ETN,KOSPI
1531,Q580010,KB Wise 분할매매 ETN,KOSPI
1532,Q590003,미래에셋 유럽 대형주 ETN(H),KOSPI
1533,Q590004,미래에셋 유럽 중형주 ETN(H),KOSPI
1534,Q590005,미래에셋 일본 대형주 ETN(H),KOSPI
1535,Q590006,미래에셋 일본 중형주 ETN(H),KOSPI
1536,Q590007,미래에셋 미국 대형주 ETN(H),KOSPI
1537,Q590008,미래에셋 미국 중형주 ETN(H),KOSPI
1538,Q590009,미래에셋 미국 항공우주 ETN(H),KOSPI
1539,Q590010,미래에셋 레버리지 S&P500 ETN(H),KOSPI
1540,Q590011,미래에셋 인버스 S&P500 ETN(H),KOSPI
1541,Q590012,미래에셋 글로벌 리츠 ETN(H),KOSPI
1542,Q590013,미래에셋 미국 리츠 ETN(H),KOSPI
1543,Q590016,미래에셋 미국 헬스케어 ETN(H),KOSPI
1544,Q590017,미래에셋 미국 고배당주 ETN(H),KOSPI
1545,Q590018,미래에셋 중국 심천 100 ETN,KOSPI
1546,Q700001,하나 코스피 변동성추세 추종 양매도 ETN,KOSPI
1547,A000250,삼천당제약,KOSDAQ
1548,A000440,중앙에너비스,KOSDAQ
1549,A001000,신라섬유,KOSDAQ
1550,A001540,안국약품,KOSDAQ
1551,A001810,무림SP,KOSDAQ
1552,A001840,이화공영,KOSDAQ
1553,A002230,피에스텍,KOSDAQ
1554,A002290,삼일기업공사,KOSDAQ
1555,A002680,한탑,KOSDAQ
1556,A002800,신신제약,KOSDAQ
1557,A003100,선광,KOSDAQ
1558,A003310,대주산업,KOSDAQ
1559,A003380,하림지주,KOSDAQ
1560,A003800,에이스침대,KOSDAQ
1561,A004590,한국가구,KOSDAQ
1562,A004650,창해에탄올,KOSDAQ
1563,A004780,대륙제관,KOSDAQ
1564,A005160,동국산업,KOSDAQ
1565,A005290,동진쎄미켐,KOSDAQ
1566,A005670,푸드웰,KOSDAQ
1567,A005710,대원산업,KOSDAQ
1568,A005860,한일사료,KOSDAQ
1569,A005990,매일홀딩스,KOSDAQ
1570,A006050,국영지앤엠,KOSDAQ
1571,A006140,피제이전자,KOSDAQ
1572,A006580,대양제지,KOSDAQ
1573,A006620,동구바이오제약,KOSDAQ
1574,A006730,서부T&D,KOSDAQ
1575,A006910,보성파워텍,KOSDAQ
1576,A006920,모헨즈,KOSDAQ
1577,A007330,푸른저축은행,KOSDAQ
1578,A007370,진양제약,KOSDAQ
1579,A007390,네이처셀,KOSDAQ
1580,A007530,영신금속,KOSDAQ
1581,A007680,대원,KOSDAQ
1582,A007720,대명코퍼레이션,KOSDAQ
1583,A007770,한일화학,KOSDAQ
1584,A007820,에스엠코어,KOSDAQ
1585,A008290,원풍물산,KOSDAQ
1586,A008370,원풍,KOSDAQ
1587,A008470,부스타,KOSDAQ
1588,A008800,행남사,KOSDAQ
1589,A008830,대동기어,KOSDAQ
1590,A009300,삼아제약,KOSDAQ
1591,A009520,포스코엠텍,KOSDAQ
1592,A009620,삼보산업,KOSDAQ
1593,A009730,코센,KOSDAQ
1594,A009780,엠에스씨,KOSDAQ
1595,A010170,대한광통신,KOSDAQ
1596,A010240,흥국,KOSDAQ
1597,A010280,쌍용정보통신,KOSDAQ
1598,A010470,오리콤,KOSDAQ
1599,A011040,경동제약,KOSDAQ
1600,A011080,형지I&C,KOSDAQ
1601,A011320,유니크,KOSDAQ
1602,A011370,서한,KOSDAQ
1603,A011560,세보엠이씨,KOSDAQ
1604,A012340,뉴인텍,KOSDAQ
1605,A012620,원일특강,KOSDAQ
1606,A012700,리드코프,KOSDAQ
1607,A012790,신일제약,KOSDAQ
1608,A012860,서연전자,KOSDAQ
1609,A013030,하이록코리아,KOSDAQ
1610,A013120,동원개발,KOSDAQ
1611,A013310,아진산업,KOSDAQ
1612,A013720,청보산업,KOSDAQ
1613,A013810,스페코,KOSDAQ
1614,A013990,아가방컴퍼니,KOSDAQ
1615,A014100,보령메디앙스,KOSDAQ
1616,A014190,원익큐브,KOSDAQ
1617,A014200,광림,KOSDAQ
1618,A014470,부방,KOSDAQ
1619,A014570,고려제약,KOSDAQ
1620,A014620,성광벤드,KOSDAQ
1621,A014940,오리엔탈정공,KOSDAQ
1622,A014970,삼륭물산,KOSDAQ
1623,A015710,코콤,KOSDAQ
1624,A015750,성우하이텍,KOSDAQ
1625,A016100,리더스코스메틱,KOSDAQ
1626,A016250,이테크건설,KOSDAQ
1627,A016600,큐캐피탈,KOSDAQ
1628,A016670,포비스티앤씨,KOSDAQ
1629,A016790,현대사료,KOSDAQ
1630,A016920,카스,KOSDAQ
1631,A017000,신원종합개발,KOSDAQ
1632,A017250,인터엠,KOSDAQ
1633,A017480,삼현철강,KOSDAQ
1634,A017510,세명전기,KOSDAQ
1635,A017650,대림제지,KOSDAQ
1636,A017680,데코앤이,KOSDAQ
1637,A017890,한국알콜,KOSDAQ
1638,A018000,유니슨,KOSDAQ
1639,A018120,진로발효,KOSDAQ
1640,A018290,지엠피,KOSDAQ
1641,A018310,삼목에스폼,KOSDAQ
1642,A018620,우진비앤지,KOSDAQ
1643,A018680,서울제약,KOSDAQ
1644,A018700,바른손,KOSDAQ
1645,A019010,베뉴지,KOSDAQ
1646,A019210,와이지-원,KOSDAQ
1647,A019540,일지테크,KOSDAQ
1648,A019550,SBI인베스트먼트,KOSDAQ
1649,A019570,리더스 기술투자,KOSDAQ
1650,A019590,엠벤처투자,KOSDAQ
1651,A019660,글로본,KOSDAQ
1652,A019770,서연탑메탈,KOSDAQ
1653,A019990,에너토크,KOSDAQ
1654,A020180,대신정보통신,KOSDAQ
1655,A020400,대동금속,KOSDAQ
1656,A020710,시공테크,KOSDAQ
1657,A021040,대호피앤씨,KOSDAQ
1658,A021045,대호피앤씨우,KOSDAQ
1659,A021080,에이티넘인베스트,KOSDAQ
1660,A021320,KCC건설,KOSDAQ
1661,A021650,한국큐빅,KOSDAQ
1662,A021880,메이슨캐피탈,KOSDAQ
1663,A022100,포스코 ICT,KOSDAQ
1664,A022220,정산애강,KOSDAQ
1665,A023160,태광,KOSDAQ
1666,A023410,유진기업,KOSDAQ
1667,A023440,제일제강,KOSDAQ
1668,A023460,CNH,KOSDAQ
1669,A023600,삼보판지,KOSDAQ
1670,A023760,한국캐피탈,KOSDAQ
1671,A023770,플레이위드,KOSDAQ
1672,A023790,동일철강,KOSDAQ
1673,A023890,한국아트라스비엑스,KOSDAQ
1674,A023900,풍국주정,KOSDAQ
1675,A023910,대한약품,KOSDAQ
1676,A024060,흥구석유,KOSDAQ
1677,A024120,KB오토시스,KOSDAQ
1678,A024740,한일단조,KOSDAQ
1679,A024800,유성티엔에스,KOSDAQ
1680,A024810,이화전기,KOSDAQ
1681,A024830,세원물산,KOSDAQ
1682,A024840,KBI메탈,KOSDAQ
1683,A024850,피에스엠씨,KOSDAQ
1684,A024880,케이피에프,KOSDAQ
1685,A024910,경창산업,KOSDAQ
1686,A024940,PN풍년,KOSDAQ
1687,A024950,삼천리자전거,KOSDAQ
1688,A025320,시노펙스,KOSDAQ
1689,A025440,대성엘텍,KOSDAQ
1690,A025550,한국선재,KOSDAQ
1691,A025770,한국정보통신,KOSDAQ
1692,A025870,신라에스지,KOSDAQ
1693,A025880,케이씨피드,KOSDAQ
1694,A025900,동화기업,KOSDAQ
1695,A025950,동신건설,KOSDAQ
1696,A025980,아난티,KOSDAQ
1697,A026040,제이에스티나,KOSDAQ
1698,A026150,특수건설,KOSDAQ
1699,A026910,광진실업,KOSDAQ
1700,A027040,서울전자통신,KOSDAQ
1701,A027050,코리아나,KOSDAQ
1702,A027360,아주IB투자,KOSDAQ
1703,A027580,상보,KOSDAQ
1704,A027710,팜스토리,KOSDAQ
1705,A027830,대성창투,KOSDAQ
1706,A028040,미래SCI,KOSDAQ
1707,A028080,휴맥스홀딩스,KOSDAQ
1708,A028150,GS홈쇼핑,KOSDAQ
1709,A028300,에이치엘비,KOSDAQ
1710,A029480,바른테크놀로지,KOSDAQ
1711,A029960,코엔텍,KOSDAQ
1712,A030190,NICE평가정보,KOSDAQ
1713,A030270,에스마크,KOSDAQ
1714,A030350,드래곤플라이,KOSDAQ
1715,A030520,한글과컴퓨터,KOSDAQ
1716,A030530,원익홀딩스,KOSDAQ
1717,A030960,양지사,KOSDAQ
1718,A031310,아이즈비전,KOSDAQ
1719,A031330,에스에이엠티,KOSDAQ
1720,A031390,녹십자셀,KOSDAQ
1721,A031510,오스템,KOSDAQ
1722,A031860,엔에스엔,KOSDAQ
1723,A031980,피에스케이홀딩스,KOSDAQ
1724,A032080,아즈텍WB,KOSDAQ
1725,A032190,다우데이타,KOSDAQ
1726,A032280,삼일,KOSDAQ
1727,A032500,케이엠더블유,KOSDAQ
1728,A032540,TJ미디어,KOSDAQ
1729,A032580,피델릭스,KOSDAQ
1730,A032620,유비케어,KOSDAQ
1731,A032680,소프트센,KOSDAQ
1732,A032685,소프트센우,KOSDAQ
1733,A032750,삼진,KOSDAQ
1734,A032790,엠젠플러스,KOSDAQ
1735,A032800,판타지오,KOSDAQ
1736,A032820,우리기술,KOSDAQ
1737,A032850,비트컴퓨터,KOSDAQ
1738,A032860,GMR 머티리얼즈,KOSDAQ
1739,A032940,원익,KOSDAQ
1740,A032960,동일기연,KOSDAQ
1741,A032980,바이온,KOSDAQ
1742,A033050,제이엠아이,KOSDAQ
1743,A033100,제룡전기,KOSDAQ
1744,A033110,코너스톤네트웍스,KOSDAQ
1745,A033130,디지틀조선,KOSDAQ
1746,A033160,엠케이전자,KOSDAQ
1747,A033170,시그네틱스,KOSDAQ
1748,A033200,모아텍,KOSDAQ
1749,A033230,인성정보,KOSDAQ
1750,A033290,코웰패션,KOSDAQ
1751,A033310,디케이디앤아이,KOSDAQ
1752,A033320,제이씨현시스템,KOSDAQ
1753,A033340,좋은사람들,KOSDAQ
1754,A033430,디에스티,KOSDAQ
1755,A033500,동성화인텍,KOSDAQ
1756,A033540,파라텍,KOSDAQ
1757,A033560,블루콤,KOSDAQ
1758,A033600,럭슬,KOSDAQ
1759,A033640,네패스,KOSDAQ
1760,A033790,스카이문스테크놀로지,KOSDAQ
1761,A033830,티비씨,KOSDAQ
1762,A034230,파라다이스,KOSDAQ
1763,A034810,해성산업,KOSDAQ
1764,A034940,조아제약,KOSDAQ
1765,A034950,한국기업평가,KOSDAQ
1766,A035080,인터파크홀딩스,KOSDAQ
1767,A035200,프럼파스트,KOSDAQ
1768,A035290,더블유에프엠,KOSDAQ
1769,A035460,기산텔레콤,KOSDAQ
1770,A035480,제이테크놀로지,KOSDAQ
1771,A035600,KG이니시스,KOSDAQ
1772,A035610,솔본,KOSDAQ
1773,A035620,바른손이앤에이,KOSDAQ
1774,A035760,CJ ENM,KOSDAQ
1775,A035810,이지바이오,KOSDAQ
1776,A035890,서희건설,KOSDAQ
1777,A035900,JYP Ent.,KOSDAQ
1778,A036000,예림당,KOSDAQ
1779,A036010,아비코전자,KOSDAQ
1780,A036030,KTH,KOSDAQ
1781,A036090,위지트,KOSDAQ
1782,A036120,SCI평가정보,KOSDAQ
1783,A036170,씨티젠,KOSDAQ
1784,A036180,영인프런티어,KOSDAQ
1785,A036190,금화피에스시,KOSDAQ
1786,A036200,유니셈,KOSDAQ
1787,A036260,이매진아시아,KOSDAQ
1788,A036480,대성미생물,KOSDAQ
1789,A036490,SK머티리얼즈,KOSDAQ
1790,A036540,SFA반도체,KOSDAQ
1791,A036560,영풍정밀,KOSDAQ
1792,A036620,버추얼텍,KOSDAQ
1793,A036630,세종텔레콤,KOSDAQ
1794,A036640,HRS,KOSDAQ
1795,A036670,KCI,KOSDAQ
1796,A036690,코맥스,KOSDAQ
1797,A036710,심텍홀딩스,KOSDAQ
1798,A036800,나이스정보통신,KOSDAQ
1799,A036810,에프에스티,KOSDAQ
1800,A036830,솔브레인,KOSDAQ
1801,A036890,진성티이씨,KOSDAQ
1802,A036930,주성엔지니어링,KOSDAQ
1803,A037030,파워넷,KOSDAQ
1804,A037070,파세코,KOSDAQ
1805,A037230,한국팩키지,KOSDAQ
1806,A037330,인지디스플레,KOSDAQ
1807,A037350,성도이엔지,KOSDAQ
1808,A037370,EG,KOSDAQ
1809,A037400,우리조명,KOSDAQ
1810,A037440,희림,KOSDAQ
1811,A037460,삼지전자,KOSDAQ
1812,A037760,쎄니트,KOSDAQ
1813,A037950,엘컴텍,KOSDAQ
1814,A038010,제일테크노스,KOSDAQ
1815,A038060,루멘스,KOSDAQ
1816,A038070,서린바이오,KOSDAQ
1817,A038110,에코플라스틱,KOSDAQ
1818,A038160,팍스넷,KOSDAQ
1819,A038290,마크로젠,KOSDAQ
1820,A038340,UCI,KOSDAQ
1821,A038390,레드캡투어,KOSDAQ
1822,A038460,바이오스마트,KOSDAQ
1823,A038500,삼표시멘트,KOSDAQ
1824,A038530,골드퍼시픽,KOSDAQ
1825,A038540,상상인,KOSDAQ
1826,A038620,위즈코프,KOSDAQ
1827,A038680,에스넷,KOSDAQ
1828,A038870,에코바이오,KOSDAQ
1829,A038880,아이에이,KOSDAQ
1830,A038950,파인디지털,KOSDAQ
1831,A039010,현대통신,KOSDAQ
1832,A039020,이건홀딩스,KOSDAQ
1833,A039030,이오테크닉스,KOSDAQ
1834,A039200,오스코텍,KOSDAQ
1835,A039230,에이아이비트,KOSDAQ
1836,A039240,경남스틸,KOSDAQ
1837,A039290,인포뱅크,KOSDAQ
1838,A039310,세중,KOSDAQ
1839,A039340,한국경제TV,KOSDAQ
1840,A039420,케이엘넷,KOSDAQ
1841,A039440,에스티아이,KOSDAQ
1842,A039560,다산네트웍스,KOSDAQ
1843,A039610,화성밸브,KOSDAQ
1844,A039670,한류타임즈,KOSDAQ
1845,A039740,한국정보공학,KOSDAQ
1846,A039830,오로라,KOSDAQ
1847,A039840,디오,KOSDAQ
1848,A039860,나노엔텍,KOSDAQ
1849,A039980,리노스,KOSDAQ
1850,A040160,누리텔레콤,KOSDAQ
1851,A040300,YTN,KOSDAQ
1852,A040350,큐로컴,KOSDAQ
1853,A040420,정상제이엘에스,KOSDAQ
1854,A040610,SG&G,KOSDAQ
1855,A040910,아이씨디,KOSDAQ
1856,A041020,인프라웨어,KOSDAQ
1857,A041140,넥슨지티,KOSDAQ
1858,A041190,우리기술투자,KOSDAQ
1859,A041440,에버다임,KOSDAQ
1860,A041460,한국전자인증,KOSDAQ
1861,A041510,에스엠,KOSDAQ
1862,A041520,이라이콤,KOSDAQ
1863,A041590,젬백스지오,KOSDAQ
1864,A041830,인바디,KOSDAQ
1865,A041910,에스텍파마,KOSDAQ
1866,A041920,메디아나,KOSDAQ
1867,A041930,동아화성,KOSDAQ
1868,A041960,코미팜,KOSDAQ
1869,A042000,카페24,KOSDAQ
1870,A042040,케이피엠테크,KOSDAQ
1871,A042110,에스씨디,KOSDAQ
1872,A042370,비츠로테크,KOSDAQ
1873,A042420,네오위즈홀딩스,KOSDAQ
1874,A042500,링네트,KOSDAQ
1875,A042510,라온시큐어,KOSDAQ
1876,A042520,한스바이오메드,KOSDAQ
1877,A042600,새로닉스,KOSDAQ
1878,A042940,상지카일룸,KOSDAQ
1879,A043090,팜스웰바이오,KOSDAQ
1880,A043100,솔고바이오,KOSDAQ
1881,A043150,바텍,KOSDAQ
1882,A043200,파루,KOSDAQ
1883,A043220,에이치엘비파워,KOSDAQ
1884,A043260,성호전자,KOSDAQ
1885,A043290,케이맥,KOSDAQ
1886,A043340,에쎈테크,KOSDAQ
1887,A043360,디지아이,KOSDAQ
1888,A043370,평화정공,KOSDAQ
1889,A043590,크로바하이텍,KOSDAQ
1890,A043610,지니뮤직,KOSDAQ
1891,A043650,국순당,KOSDAQ
1892,A043710,서울리거,KOSDAQ
1893,A043910,자연과환경,KOSDAQ
1894,A044060,조광ILI,KOSDAQ
1895,A044180,KD,KOSDAQ
1896,A044340,위닉스,KOSDAQ
1897,A044480,바이오제네틱스,KOSDAQ
1898,A044490,태웅,KOSDAQ
1899,A044780,에이치케이,KOSDAQ
1900,A044960,이글벳,KOSDAQ
1901,A045060,오공,KOSDAQ
1902,A045100,한양이엔지,KOSDAQ
1903,A045300,성우테크론,KOSDAQ
1904,A045340,토탈소프트,KOSDAQ
1905,A045390,대아티아이,KOSDAQ
1906,A045510,정원엔시스,KOSDAQ
1907,A045520,크린앤사이언스,KOSDAQ
1908,A045660,에이텍,KOSDAQ
1909,A045890,GV,KOSDAQ
1910,A045970,코아시아,KOSDAQ
1911,A046070,코다코,KOSDAQ
1912,A046110,한일네트웍스,KOSDAQ
1913,A046120,오르비텍,KOSDAQ
1914,A046140,SBS콘텐츠허브,KOSDAQ
1915,A046210,파나진,KOSDAQ
1916,A046310,백금T&A,KOSDAQ
1917,A046390,삼화네트웍스,KOSDAQ
1918,A046440,KG모빌리언스,KOSDAQ
1919,A046890,서울반도체,KOSDAQ
1920,A046940,우원개발,KOSDAQ
1921,A046970,우리로,KOSDAQ
1922,A047080,한빛소프트,KOSDAQ
1923,A047310,파워로직스,KOSDAQ
1924,A047560,이스트소프트,KOSDAQ
1925,A047770,코데즈컴바인,KOSDAQ
1926,A047820,초록뱀,KOSDAQ
1927,A047920,씨트리,KOSDAQ
1928,A048260,오스템임플란트,KOSDAQ
1929,A048410,현대바이오,KOSDAQ
1930,A048430,유라테크,KOSDAQ
1931,A048470,대동스틸,KOSDAQ
1932,A048530,인트론바이오,KOSDAQ
1933,A048550,SM C&C,KOSDAQ
1934,A048770,TPC,KOSDAQ
1935,A048830,엔피케이,KOSDAQ
1936,A048870,시너지이노베이션,KOSDAQ
1937,A048910,대원미디어,KOSDAQ
1938,A049070,인탑스,KOSDAQ
1939,A049080,기가레인,KOSDAQ
1940,A049120,파인디앤씨,KOSDAQ
1941,A049180,셀루메드,KOSDAQ
1942,A049430,코메론,KOSDAQ
1943,A049470,SGA,KOSDAQ
1944,A049480,오픈베이스,KOSDAQ
1945,A049520,유아이엘,KOSDAQ
1946,A049550,잉크테크,KOSDAQ
1947,A049630,재영솔루텍,KOSDAQ
1948,A049720,고려신용정보,KOSDAQ
1949,A049830,승일,KOSDAQ
1950,A049950,미래컴퍼니,KOSDAQ
1951,A049960,쎌바이오텍,KOSDAQ
1952,A050090,휘닉스소재,KOSDAQ
1953,A050110,캠시스,KOSDAQ
1954,A050120,라이브플렉스,KOSDAQ
1955,A050320,에이앤티앤,KOSDAQ
1956,A050540,한국코퍼레이션,KOSDAQ
1957,A050760,에스폴리텍,KOSDAQ
1958,A050860,아세아텍,KOSDAQ
1959,A050890,쏠리드,KOSDAQ
1960,A050960,수산아이앤티,KOSDAQ
1961,A051160,지어소프트,KOSDAQ
1962,A051360,토비스,KOSDAQ
1963,A051370,인터플렉스,KOSDAQ
1964,A051380,피씨디렉트,KOSDAQ
1965,A051390,YW,KOSDAQ
1966,A051490,나라엠앤디,KOSDAQ
1967,A051500,CJ프레시웨이,KOSDAQ
1968,A051780,큐로홀딩스,KOSDAQ
1969,A051980,센트럴바이오,KOSDAQ
1970,A052020,에스티큐브,KOSDAQ
1971,A052190,이에스에이,KOSDAQ
1972,A052220,iMBC,KOSDAQ
1973,A052260,SK바이오랜드,KOSDAQ
1974,A052300,W홀딩컴퍼니,KOSDAQ
1975,A052330,코텍,KOSDAQ
1976,A052400,코나아이,KOSDAQ
1977,A052420,오성첨단소재,KOSDAQ
1978,A052460,아이크래프트,KOSDAQ
1979,A052600,한네트,KOSDAQ
1980,A052670,제일바이오,KOSDAQ
1981,A052710,아모텍,KOSDAQ
1982,A052770,와이디온라인,KOSDAQ
1983,A052790,액토즈소프트,KOSDAQ
1984,A052860,아이앤씨,KOSDAQ
1985,A052900,KMH하이텍,KOSDAQ
1986,A053030,바이넥스,KOSDAQ
1987,A053050,지에스이,KOSDAQ
1988,A053060,세동,KOSDAQ
1989,A053110,소리바다,KOSDAQ
1990,A053160,프리엠스,KOSDAQ
1991,A053260,금강철강,KOSDAQ
1992,A053270,구영테크,KOSDAQ
1993,A053280,예스24,KOSDAQ
1994,A053290,NE능률,KOSDAQ
1995,A053300,한국정보인증,KOSDAQ
1996,A053350,이니텍,KOSDAQ
1997,A053450,세코닉스,KOSDAQ
1998,A053580,웹케시,KOSDAQ
1999,A053590,한국테크놀로지,KOSDAQ
2000,A053610,프로텍,KOSDAQ
2001,A053620,태양,KOSDAQ
2002,A053660,현진소재,KOSDAQ
2003,A053700,삼보모터스,KOSDAQ
2004,A053800,안랩,KOSDAQ
2005,A053950,경남제약,KOSDAQ
2006,A053980,오상자이엘,KOSDAQ
2007,A054040,한국컴퓨터,KOSDAQ
2008,A054050,농우바이오,KOSDAQ
2009,A054090,삼진엘앤디,KOSDAQ
2010,A054180,중앙오션,KOSDAQ
2011,A054210,이랜텍,KOSDAQ
2012,A054220,비츠로시스,KOSDAQ
2013,A054300,팬스타엔터프라이즈,KOSDAQ
2014,A054340,피앤텔,KOSDAQ
2015,A054410,케이피티유,KOSDAQ
2016,A054450,텔레칩스,KOSDAQ
2017,A054540,삼영엠텍,KOSDAQ
2018,A054620,APS홀딩스,KOSDAQ
2019,A054630,에이디칩스,KOSDAQ
2020,A054670,대한뉴팜,KOSDAQ
2021,A054780,키이스트,KOSDAQ
2022,A054800,아이디스홀딩스,KOSDAQ
2023,A054920,한컴위드,KOSDAQ
2024,A054930,유신,KOSDAQ
2025,A054940,엑사이엔씨,KOSDAQ
2026,A054950,제이브이엠,KOSDAQ
2027,A056000,신스타임즈,KOSDAQ
2028,A056080,유진로봇,KOSDAQ
2029,A056090,유앤아이,KOSDAQ
2030,A056190,에스에프에이,KOSDAQ
2031,A056360,코위버,KOSDAQ
2032,A056700,신화인터텍,KOSDAQ
2033,A056730,포스링크,KOSDAQ
2034,A057030,와이비엠넷,KOSDAQ
2035,A057500,SKC 솔믹스,KOSDAQ
2036,A057540,옴니시스템,KOSDAQ
2037,A057680,옴니텔,KOSDAQ
2038,A057880,필로시스헬스케어,KOSDAQ
2039,A058110,멕아이씨에스,KOSDAQ
2040,A058220,아리온,KOSDAQ
2041,A058400,KNN,KOSDAQ
2042,A058420,제이웨이,KOSDAQ
2043,A058450,일야,KOSDAQ
2044,A058470,리노공업,KOSDAQ
2045,A058530,슈펙스비앤피,KOSDAQ
2046,A058610,에스피지,KOSDAQ
2047,A058630,엠게임,KOSDAQ
2048,A058820,CMG제약,KOSDAQ
2049,A059090,미코,KOSDAQ
2050,A059100,아이컴포넌트,KOSDAQ
2051,A059120,아진엑스텍,KOSDAQ
2052,A059210,메타바이오메드,KOSDAQ
2053,A060150,인선이엔티,KOSDAQ
2054,A060230,이그잭스,KOSDAQ
2055,A060240,룽투코리아,KOSDAQ
2056,A060250,NHN한국사이버결제,KOSDAQ
2057,A060260,뉴보텍,KOSDAQ
2058,A060280,큐렉소,KOSDAQ
2059,A060300,레드로버,KOSDAQ
2060,A060310,3S,KOSDAQ
2061,A060370,KT서브마린,KOSDAQ
2062,A060380,동양에스텍,KOSDAQ
2063,A060480,국일신동,KOSDAQ
2064,A060540,에스에이티,KOSDAQ
2065,A060560,홈센타홀딩스,KOSDAQ
2066,A060570,드림어스컴퍼니,KOSDAQ
2067,A060590,씨티씨바이오,KOSDAQ
2068,A060720,KH바텍,KOSDAQ
2069,A060900,케이알피앤이,KOSDAQ
2070,A061040,알에프텍,KOSDAQ
2071,A061250,화일약품,KOSDAQ
2072,A061970,엘비세미콘,KOSDAQ
2073,A062860,티엘아이,KOSDAQ
2074,A063080,게임빌,KOSDAQ
2075,A063170,서울옥션,KOSDAQ
2076,A063440,SM Life Design,KOSDAQ
2077,A063570,한국전자금융,KOSDAQ
2078,A063760,이엘피,KOSDAQ
2079,A064090,에프앤리퍼블릭,KOSDAQ
2080,A064240,홈캐스트,KOSDAQ
2081,A064260,다날,KOSDAQ
2082,A064290,인텍플러스,KOSDAQ
2083,A064480,브리지텍,KOSDAQ
2084,A064510,에코마이스터,KOSDAQ
2085,A064520,바른전자,KOSDAQ
2086,A064550,바이오니아,KOSDAQ
2087,A064760,티씨케이,KOSDAQ
2088,A064800,필링크,KOSDAQ
2089,A064820,케이프,KOSDAQ
2090,A065060,지엔코,KOSDAQ
2091,A065130,탑엔지니어링,KOSDAQ
2092,A065150,MP그룹,KOSDAQ
2093,A065170,넥스트BT,KOSDAQ
2094,A065350,신성델타테크,KOSDAQ
2095,A065420,에스아이리소스,KOSDAQ
2096,A065440,이루온,KOSDAQ
2097,A065450,빅텍,KOSDAQ
2098,A065500,오리엔트정공,KOSDAQ
2099,A065510,휴비츠,KOSDAQ
2100,A065530,전파기지국,KOSDAQ
2101,A065560,녹원씨엔아이,KOSDAQ
2102,A065570,삼영이엔씨,KOSDAQ
2103,A065620,제낙스,KOSDAQ
2104,A065650,메디프론,KOSDAQ
2105,A065660,안트로젠,KOSDAQ
2106,A065680,우주일렉트로,KOSDAQ
2107,A065690,파커스,KOSDAQ
2108,A065710,서호전기,KOSDAQ
2109,A065770,CS,KOSDAQ
2110,A065940,바이오빌,KOSDAQ
2111,A065950,웰크론,KOSDAQ
2112,A066110,한프,KOSDAQ
2113,A066130,하츠,KOSDAQ
2114,A066310,큐에스아이,KOSDAQ
2115,A066360,체리부로,KOSDAQ
2116,A066410,버킷스튜디오,KOSDAQ
2117,A066430,와이오엠,KOSDAQ
2118,A066590,우수AMS,KOSDAQ
2119,A066620,국보디자인,KOSDAQ
2120,A066670,디스플레이텍,KOSDAQ
2121,A066700,테라젠이텍스,KOSDAQ
2122,A066790,씨씨에스,KOSDAQ
2123,A066900,디에이피,KOSDAQ
2124,A066910,손오공,KOSDAQ
2125,A066970,엘앤에프,KOSDAQ
2126,A066980,브레인콘텐츠,KOSDAQ
2127,A067000,조이시티,KOSDAQ
2128,A067010,이씨에스,KOSDAQ
2129,A067080,대화제약,KOSDAQ
2130,A067160,아프리카TV,KOSDAQ
2131,A067170,오텍,KOSDAQ
2132,A067280,멀티캠퍼스,KOSDAQ
2133,A067290,JW신약,KOSDAQ
2134,A067310,하나마이크론,KOSDAQ
2135,A067390,아스트,KOSDAQ
2136,A067570,엔브이에이치코리아,KOSDAQ
2137,A067630,에이치엘비생명과학,KOSDAQ
2138,A067730,로지시스,KOSDAQ
2139,A067770,세진티에스,KOSDAQ
2140,A067900,와이엔텍,KOSDAQ
2141,A067920,이글루시큐리티,KOSDAQ
2142,A067990,도이치모터스,KOSDAQ
2143,A068050,팬엔터테인먼트,KOSDAQ
2144,A068240,다원시스,KOSDAQ
2145,A068330,일신바이오,KOSDAQ
2146,A068760,셀트리온제약,KOSDAQ
2147,A068790,DMS,KOSDAQ
2148,A068930,디지털대성,KOSDAQ
2149,A068940,아이씨케이,KOSDAQ
2150,A069080,웹젠,KOSDAQ
2151,A069110,코스온,KOSDAQ
2152,A069140,누리플랜,KOSDAQ
2153,A069330,유아이디,KOSDAQ
2154,A069410,엔텔스,KOSDAQ
2155,A069510,에스텍,KOSDAQ
2156,A069540,라이트론,KOSDAQ
2157,A069920,아이에스이커머스,KOSDAQ
2158,A070300,한솔시큐어,KOSDAQ
2159,A070590,한솔인티큐브,KOSDAQ
2160,A071200,인피니트헬스케어,KOSDAQ
2161,A071280,로체시스템즈,KOSDAQ
2162,A071460,위니아딤채,KOSDAQ
2163,A071670,에이테크솔루션,KOSDAQ
2164,A071850,캐스텍코리아,KOSDAQ
2165,A072020,중앙백신,KOSDAQ
2166,A072470,우리산업홀딩스,KOSDAQ
2167,A072520,제넨바이오,KOSDAQ
2168,A072770,율호,KOSDAQ
2169,A072870,메가스터디,KOSDAQ
2170,A072950,빛샘전자,KOSDAQ
2171,A072990,에이치시티,KOSDAQ
2172,A073010,케이에스피,KOSDAQ
2173,A073070,에스모,KOSDAQ
2174,A073110,엘엠에스,KOSDAQ
2175,A073190,듀오백,KOSDAQ
2176,A073490,이노와이어리스,KOSDAQ
2177,A073540,에프알텍,KOSDAQ
2178,A073560,우리손에프앤지,KOSDAQ
2179,A073570,WI,KOSDAQ
2180,A073640,삼원테크,KOSDAQ
2181,A074430,아미노로직스,KOSDAQ
2182,A074600,원익QnC,KOSDAQ
2183,A075130,플랜티넷,KOSDAQ
2184,A075970,동국알앤에스,KOSDAQ
2185,A076080,웰크론한텍,KOSDAQ
2186,A076610,해성옵틱스,KOSDAQ
2187,A077280,한컴지엠디,KOSDAQ
2188,A077360,덕산하이메탈,KOSDAQ
2189,A078020,이베스트투자증권,KOSDAQ
2190,A078070,유비쿼스홀딩스,KOSDAQ
2191,A078130,국일제지,KOSDAQ
2192,A078140,대봉엘에스,KOSDAQ
2193,A078150,HB테크놀러지,KOSDAQ
2194,A078160,메디포스트,KOSDAQ
2195,A078340,컴투스,KOSDAQ
2196,A078350,한양디지텍,KOSDAQ
2197,A078590,두올산업,KOSDAQ
2198,A078600,대주전자재료,KOSDAQ
2199,A078650,코렌,KOSDAQ
2200,A078860,아이오케이,KOSDAQ
2201,A078890,가온미디어,KOSDAQ
2202,A078940,코드네이처,KOSDAQ
2203,A079000,와토스코리아,KOSDAQ
2204,A079170,한창산업,KOSDAQ
2205,A079190,EMW,KOSDAQ
2206,A079370,제우스,KOSDAQ
2207,A079650,서산,KOSDAQ
2208,A079810,디이엔티,KOSDAQ
2209,A079940,가비아,KOSDAQ
2210,A079950,인베니아,KOSDAQ
2211,A079960,동양이엔피,KOSDAQ
2212,A079970,투비소프트,KOSDAQ
2213,A080000,에스엔유,KOSDAQ
2214,A080010,이상네트웍스,KOSDAQ
2215,A080160,모두투어,KOSDAQ
2216,A080220,제주반도체,KOSDAQ
2217,A080420,모다이노칩,KOSDAQ
2218,A080440,에스제이케이,KOSDAQ
2219,A080470,성창오토텍,KOSDAQ
2220,A080520,오디텍,KOSDAQ
2221,A080530,코디,KOSDAQ
2222,A080580,오킨스전자,KOSDAQ
2223,A080720,한국유니온제약,KOSDAQ
2224,A081150,티플랙스,KOSDAQ
2225,A081580,성우전자,KOSDAQ
2226,A082210,옵트론텍,KOSDAQ
2227,A082270,젬백스,KOSDAQ
2228,A082660,나인컴플렉스,KOSDAQ
2229,A082800,루미마이크로,KOSDAQ
2230,A082850,우리바이오,KOSDAQ
2231,A082920,비츠로셀,KOSDAQ
2232,A083310,엘오티베큠,KOSDAQ
2233,A083450,GST,KOSDAQ
2234,A083470,KJ프리텍,KOSDAQ
2235,A083500,에프엔에스테크,KOSDAQ
2236,A083550,케이엠,KOSDAQ
2237,A083640,인콘,KOSDAQ
2238,A083650,비에이치아이,KOSDAQ
2239,A083660,CSA 코스믹,KOSDAQ
2240,A083790,크리스탈,KOSDAQ
2241,A083930,아바코,KOSDAQ
2242,A084110,휴온스글로벌,KOSDAQ
2243,A084180,수성,KOSDAQ
2244,A084370,유진테크,KOSDAQ
2245,A084650,랩지노믹스,KOSDAQ
2246,A084730,팅크웨어,KOSDAQ
2247,A084990,헬릭스미스,KOSDAQ
2248,A085370,루트로닉,KOSDAQ
2249,A08537M,루트로닉3우C,KOSDAQ
2250,A085660,차바이오텍,KOSDAQ
2251,A085670,뉴프렉스,KOSDAQ
2252,A085810,알티캐스트,KOSDAQ
2253,A085910,네오티스,KOSDAQ
2254,A086040,바이오톡스텍,KOSDAQ
2255,A086060,진바이오텍,KOSDAQ
2256,A086250,화신테크,KOSDAQ
2257,A086390,유니테스트,KOSDAQ
2258,A086450,동국제약,KOSDAQ
2259,A086520,에코프로,KOSDAQ
2260,A086670,비엠티,KOSDAQ
2261,A086820,바이오솔루션,KOSDAQ
2262,A086890,이수앱지스,KOSDAQ
2263,A086900,메디톡스,KOSDAQ
2264,A086960,한컴MDS,KOSDAQ
2265,A086980,쇼박스,KOSDAQ
2266,A087010,펩트론,KOSDAQ
2267,A087260,모바일어플라이언스,KOSDAQ
2268,A087600,픽셀플러스,KOSDAQ
2269,A087730,에스모 머티리얼즈,KOSDAQ
2270,A088130,동아엘텍,KOSDAQ
2271,A088290,이원컴포텍,KOSDAQ
2272,A088390,이녹스,KOSDAQ
2273,A088800,에이스테크,KOSDAQ
2274,A088910,동우팜투테이블,KOSDAQ
2275,A089010,켐트로닉스,KOSDAQ
2276,A089030,테크윙,KOSDAQ
2277,A089140,넥스턴,KOSDAQ
2278,A089150,케이씨티,KOSDAQ
2279,A089230,THE E&M,KOSDAQ
2280,A089530,에이티세미콘,KOSDAQ
2281,A089600,나스미디어,KOSDAQ
2282,A089790,제이티,KOSDAQ
2283,A089850,유비벨록스,KOSDAQ
2284,A089890,코세스,KOSDAQ
2285,A089970,에이피티씨,KOSDAQ
2286,A089980,상아프론테크,KOSDAQ
2287,A090150,광진윈텍,KOSDAQ
2288,A090360,로보스타,KOSDAQ
2289,A090410,덕신하우징,KOSDAQ
2290,A090460,비에이치,KOSDAQ
2291,A090470,제이스텍,KOSDAQ
2292,A090710,휴림로봇,KOSDAQ
2293,A090740,연이정보통신,KOSDAQ
2294,A090850,이지웰페어,KOSDAQ
2295,A091120,이엠텍,KOSDAQ
2296,A091340,S&K폴리텍,KOSDAQ
2297,A091440,텔레필드,KOSDAQ
2298,A091580,상신이디피,KOSDAQ
2299,A091590,남화토건,KOSDAQ
2300,A091700,파트론,KOSDAQ
2301,A091970,나노캠텍,KOSDAQ
2302,A091990,셀트리온헬스케어,KOSDAQ
2303,A092040,아미코젠,KOSDAQ
2304,A092070,디엔에프,KOSDAQ
2305,A092130,이크레더블,KOSDAQ
2306,A092300,현우산업,KOSDAQ
2307,A092460,한라IMS,KOSDAQ
2308,A092600,앤씨앤,KOSDAQ
2309,A092730,네오팜,KOSDAQ
2310,A092870,엑시콘,KOSDAQ
2311,A093190,빅솔론,KOSDAQ
2312,A093320,케이아이엔엑스,KOSDAQ
2313,A093380,풍강,KOSDAQ
2314,A093520,매커스,KOSDAQ
2315,A093640,다믈멀티미디어,KOSDAQ
2316,A093920,서원인텍,KOSDAQ
2317,A094170,동운아나텍,KOSDAQ
2318,A094190,이엘케이,KOSDAQ
2319,A094360,칩스앤미디어,KOSDAQ
2320,A094480,갤럭시아컴즈,KOSDAQ
2321,A094820,일진파워,KOSDAQ
2322,A094840,슈프리마에이치큐,KOSDAQ
2323,A094850,참좋은여행,KOSDAQ
2324,A094860,코닉글로리,KOSDAQ
2325,A094940,푸른기술,KOSDAQ
2326,A094970,제이엠티,KOSDAQ
2327,A095190,이엠코리아,KOSDAQ
2328,A095270,웨이브일렉트로,KOSDAQ
2329,A095340,ISC,KOSDAQ
2330,A095500,미래나노텍,KOSDAQ
2331,A095610,테스,KOSDAQ
2332,A095660,네오위즈,KOSDAQ
2333,A095700,제넥신,KOSDAQ
2334,A095910,에스에너지,KOSDAQ
2335,A096040,이트론,KOSDAQ
2336,A096240,청담러닝,KOSDAQ
2337,A096350,대창솔루션,KOSDAQ
2338,A096530,씨젠,KOSDAQ
2339,A096610,알에프세미,KOSDAQ
2340,A096630,에스코넥,KOSDAQ
2341,A096640,멜파스,KOSDAQ
2342,A096690,제이스테판,KOSDAQ
2343,A096870,엘디티,KOSDAQ
2344,A097520,엠씨넥스,KOSDAQ
2345,A097780,에스맥,KOSDAQ
2346,A097800,윈팩,KOSDAQ
2347,A097870,효성오앤비,KOSDAQ
2348,A098120,마이크로컨텍솔,KOSDAQ
2349,A098460,고영,KOSDAQ
2350,A098660,에스티오,KOSDAQ
2351,A099190,아이센스,KOSDAQ
2352,A099220,SDN,KOSDAQ
2353,A099320,쎄트렉아이,KOSDAQ
2354,A099410,동방선기,KOSDAQ
2355,A099440,스맥,KOSDAQ
2356,A099520,ITX엠투엠,KOSDAQ
2357,A099750,이지케어텍,KOSDAQ
2358,A100030,모바일리더,KOSDAQ
2359,A100090,삼강엠앤티,KOSDAQ
2360,A100120,뷰웍스,KOSDAQ
2361,A100130,동국S&C,KOSDAQ
2362,A100590,머큐리,KOSDAQ
2363,A100660,서암기계공업,KOSDAQ
2364,A100700,세운메디칼,KOSDAQ
2365,A100790,미래에셋벤처투자,KOSDAQ
2366,A101000,상상인인더스트리,KOSDAQ
2367,A101160,월덱스,KOSDAQ
2368,A101170,우림기계,KOSDAQ
2369,A101240,씨큐브,KOSDAQ
2370,A101330,모베이스,KOSDAQ
2371,A101390,아이엠,KOSDAQ
2372,A101400,엔시트론,KOSDAQ
2373,A101490,에스앤에스텍,KOSDAQ
2374,A101670,코리아에스이,KOSDAQ
2375,A101680,한국정밀기계,KOSDAQ
2376,A101730,조이맥스,KOSDAQ
2377,A101930,인화정공,KOSDAQ
2378,A102120,어보브반도체,KOSDAQ
2379,A102210,해덕파워웨이,KOSDAQ
2380,A102710,이엔에프테크놀로지,KOSDAQ
2381,A102940,코오롱생명과학,KOSDAQ
2382,A103230,에스앤더블류,KOSDAQ
2383,A104040,대성파인텍,KOSDAQ
2384,A104200,NHN벅스,KOSDAQ
2385,A104460,동양피엔에프,KOSDAQ
2386,A104480,티케이케미칼,KOSDAQ
2387,A104540,코렌텍,KOSDAQ
2388,A104620,노랑풍선,KOSDAQ
2389,A104830,원익머트리얼즈,KOSDAQ
2390,A105330,케이엔더블유,KOSDAQ
2391,A105550,트루윈,KOSDAQ
2392,A105740,디케이락,KOSDAQ
2393,A106080,지투하이소닉,KOSDAQ
2394,A106190,하이텍팜,KOSDAQ
2395,A106240,파인테크닉스,KOSDAQ
2396,A106520,디지탈옵틱,KOSDAQ
2397,A108230,톱텍,KOSDAQ
2398,A108320,실리콘웍스,KOSDAQ
2399,A108380,대양전기공업,KOSDAQ
2400,A108490,로보티즈,KOSDAQ
2401,A108790,인터파크,KOSDAQ
2402,A108860,셀바스AI,KOSDAQ
2403,A109080,옵티시스,KOSDAQ
2404,A109610,에스와이,KOSDAQ
2405,A109740,디에스케이,KOSDAQ
2406,A109820,진매트릭스,KOSDAQ
2407,A109860,동일금속,KOSDAQ
2408,A109960,에이프로젠 H&G,KOSDAQ
2409,A110020,전진바이오팜,KOSDAQ
2410,A110790,크리스에프앤씨,KOSDAQ
2411,A110990,디아이티,KOSDAQ
2412,A111710,남화산업,KOSDAQ
2413,A111820,지와이커머스,KOSDAQ
2414,A111870,삼본전자,KOSDAQ
2415,A112040,위메이드,KOSDAQ
2416,A112240,에스에프씨,KOSDAQ
2417,A113810,디젠스,KOSDAQ
2418,A114120,크루셜텍,KOSDAQ
2419,A114190,웰크론강원,KOSDAQ
2420,A114450,KPX생명과학,KOSDAQ
2421,A114570,지스마트글로벌,KOSDAQ
2422,A114630,우노앤컴퍼니,KOSDAQ
2423,A114810,아이원스,KOSDAQ
2424,A115160,휴맥스,KOSDAQ
2425,A115180,큐리언트,KOSDAQ
2426,A115310,인포바인,KOSDAQ
2427,A115440,우리넷,KOSDAQ
2428,A115450,지트리비앤티,KOSDAQ
2429,A115480,씨유메디칼,KOSDAQ
2430,A115500,케이씨에스,KOSDAQ
2431,A115530,씨엔플러스,KOSDAQ
2432,A115570,스타플렉스,KOSDAQ
2433,A115610,이미지스,KOSDAQ
2434,A115960,연우,KOSDAQ
2435,A117670,알파홀딩스,KOSDAQ
2436,A117730,티로보틱스,KOSDAQ
2437,A118990,모트렉스,KOSDAQ
2438,A119500,포메탈,KOSDAQ
2439,A119610,인터로조,KOSDAQ
2440,A119830,아이텍,KOSDAQ
2441,A119850,지엔씨에너지,KOSDAQ
2442,A119860,다나와,KOSDAQ
2443,A120240,대정화금,KOSDAQ
2444,A121440,골프존뉴딘홀딩스,KOSDAQ
2445,A121600,나노신소재,KOSDAQ
2446,A121800,비덴트,KOSDAQ
2447,A121850,코이즈,KOSDAQ
2448,A121890,에스디시스템,KOSDAQ
2449,A122310,제노레이,KOSDAQ
2450,A122350,삼기오토모티브,KOSDAQ
2451,A122450,KMH,KOSDAQ
2452,A122640,예스티,KOSDAQ
2453,A122690,서진오토모티브,KOSDAQ
2454,A122800,썬텍,KOSDAQ
2455,A122870,와이지엔터테인먼트,KOSDAQ
2456,A122990,와이솔,KOSDAQ
2457,A123010,아이에이네트웍스,KOSDAQ
2458,A123040,엠에스오토텍,KOSDAQ
2459,A123260,파인넥스,KOSDAQ
2460,A123330,제닉,KOSDAQ
2461,A123410,코리아에프티,KOSDAQ
2462,A123420,선데이토즈,KOSDAQ
2463,A123570,이엠넷,KOSDAQ
2464,A123750,알톤스포츠,KOSDAQ
2465,A123840,한일진공,KOSDAQ
2466,A123860,아나패스,KOSDAQ
2467,A124500,아이티센,KOSDAQ
2468,A125210,아모그린텍,KOSDAQ
2469,A126600,코프라,KOSDAQ
2470,A126640,화신정공,KOSDAQ
2471,A126700,하이비젼시스템,KOSDAQ
2472,A126870,뉴로스,KOSDAQ
2473,A126880,제이엔케이히터,KOSDAQ
2474,A127120,디엔에이링크,KOSDAQ
2475,A127160,매직마이크로,KOSDAQ
2476,A127710,아시아경제,KOSDAQ
2477,A128540,에코캡,KOSDAQ
2478,A128660,피제이메탈,KOSDAQ
2479,A130500,GH신소재,KOSDAQ
2480,A130580,나이스디앤비,KOSDAQ
2481,A130740,티피씨글로벌,KOSDAQ
2482,A131030,디에이치피코리아,KOSDAQ
2483,A131090,시큐브,KOSDAQ
2484,A131100,리켐,KOSDAQ
2485,A131180,딜리,KOSDAQ
2486,A131220,대한과학,KOSDAQ
2487,A131290,티에스이,KOSDAQ
2488,A131370,알서포트,KOSDAQ
2489,A131390,피앤이솔루션,KOSDAQ
2490,A131400,액트,KOSDAQ
2491,A131760,파인텍,KOSDAQ
2492,A131970,테스나,KOSDAQ
2493,A133750,메가엠디,KOSDAQ
2494,A134060,이퓨쳐,KOSDAQ
2495,A134580,디엠티,KOSDAQ
2496,A134780,화진,KOSDAQ
2497,A136480,하림,KOSDAQ
2498,A136510,쎄미시스코,KOSDAQ
2499,A136540,윈스,KOSDAQ
2500,A137400,피엔티,KOSDAQ
2501,A137940,넥스트아이,KOSDAQ
2502,A137950,제이씨케미칼,KOSDAQ
2503,A138070,신진에스엠,KOSDAQ
2504,A138080,오이솔루션,KOSDAQ
2505,A138360,에이씨티,KOSDAQ
2506,A138580,비즈니스온,KOSDAQ
2507,A138610,나이벡,KOSDAQ
2508,A138690,엘아이에스,KOSDAQ
2509,A139050,데일리블록체인,KOSDAQ
2510,A139670,키네마스터,KOSDAQ
2511,A140070,서플러스글로벌,KOSDAQ
2512,A140410,메지온,KOSDAQ
2513,A140520,대창스틸,KOSDAQ
2514,A140670,알에스오토메이션,KOSDAQ
2515,A140860,파크시스템스,KOSDAQ
2516,A141000,비아트론,KOSDAQ
2517,A141020,포티스,KOSDAQ
2518,A141070,맥스로텍,KOSDAQ
2519,A141080,레고켐바이오,KOSDAQ
2520,A142210,유니트론텍,KOSDAQ
2521,A142280,녹십자엠에스,KOSDAQ
2522,A142760,바이오리더스,KOSDAQ
2523,A143160,아이디스,KOSDAQ
2524,A143240,사람인에이치알,KOSDAQ
2525,A143540,영우디에스피,KOSDAQ
2526,A144510,녹십자랩셀,KOSDAQ
2527,A144960,뉴파워프라즈마,KOSDAQ
2528,A145020,휴젤,KOSDAQ
2529,A147760,마이크로프랜드,KOSDAQ
2530,A147830,제룡산업,KOSDAQ
2531,A148140,비디아이,KOSDAQ
2532,A148150,세경하이테크,KOSDAQ
2533,A148250,알엔투테크놀로지,KOSDAQ
2534,A149940,모다,KOSDAQ
2535,A149950,아바텍,KOSDAQ
2536,A149980,하이로닉,KOSDAQ
2537,A150840,인트로메딕,KOSDAQ
2538,A150900,파수닷컴,KOSDAQ
2539,A151860,KG ETS,KOSDAQ
2540,A151910,나노스,KOSDAQ
2541,A153460,네이블,KOSDAQ
2542,A153490,우리이앤엘,KOSDAQ
2543,A153710,옵티팜,KOSDAQ
2544,A154030,아시아종묘,KOSDAQ
2545,A154040,솔루에타,KOSDAQ
2546,A155650,와이엠씨,KOSDAQ
2547,A156100,엘앤케이바이오,KOSDAQ
2548,A158310,스타모빌리티,KOSDAQ
2549,A158430,아톤,KOSDAQ
2550,A159580,제로투세븐,KOSDAQ
2551,A159910,스킨앤스킨,KOSDAQ
2552,A160550,NEW,KOSDAQ
2553,A160600,에스엔텍비엠,KOSDAQ
2554,A160980,싸이맥스,KOSDAQ
2555,A161570,THE MIDONG,KOSDAQ
2556,A161580,필옵틱스,KOSDAQ
2557,A166090,하나머티리얼즈,KOSDAQ
2558,A166480,코아스템,KOSDAQ
2559,A168330,내츄럴엔도텍,KOSDAQ
2560,A170030,현대공업,KOSDAQ
2561,A170790,파이오링크,KOSDAQ
2562,A170920,엘티씨,KOSDAQ
2563,A171010,램테크놀러지,KOSDAQ
2564,A171090,선익시스템,KOSDAQ
2565,A171120,라이온켐텍,KOSDAQ
2566,A173130,오파스넷,KOSDAQ
2567,A173940,에프엔씨엔터,KOSDAQ
2568,A174880,장원테크,KOSDAQ
2569,A174900,앱클론,KOSDAQ
2570,A175140,인포마크,KOSDAQ
2571,A175250,아이큐어,KOSDAQ
2572,A176440,에이치엔티,KOSDAQ
2573,A177350,베셀,KOSDAQ
2574,A177830,파버나인,KOSDAQ
2575,A178320,서진시스템,KOSDAQ
2576,A178780,유테크,KOSDAQ
2577,A178920,SKC코오롱PI,KOSDAQ
2578,A179290,엠아이텍,KOSDAQ
2579,A179900,유티아이,KOSDAQ
2580,A180400,캔서롭,KOSDAQ
2581,A181340,이즈미디어,KOSDAQ
2582,A182360,큐브엔터,KOSDAQ
2583,A182400,엔케이맥스,KOSDAQ
2584,A182690,테라셈,KOSDAQ
2585,A183300,코미코,KOSDAQ
2586,A183490,엔지켐생명과학,KOSDAQ
2587,A184230,SGA솔루션즈,KOSDAQ
2588,A185490,아이진,KOSDAQ
2589,A186230,그린플러스,KOSDAQ
2590,A187220,디티앤씨,KOSDAQ
2591,A187270,신화콘텍,KOSDAQ
2592,A187420,제노포커스,KOSDAQ
2593,A187790,나노,KOSDAQ
2594,A187870,디바이스이엔지,KOSDAQ
2595,A189300,인텔리안테크,KOSDAQ
2596,A189690,포시에스,KOSDAQ
2597,A189860,서전기전,KOSDAQ
2598,A189980,흥국에프엔비,KOSDAQ
2599,A190510,나무가,KOSDAQ
2600,A191410,육일씨엔에쓰,KOSDAQ
2601,A191420,테고사이언스,KOSDAQ
2602,A192250,케이사인,KOSDAQ
2603,A192390,윈하이텍,KOSDAQ
2604,A192410,감마누,KOSDAQ
2605,A192440,슈피겐코리아,KOSDAQ
2606,A193250,와이제이엠게임즈,KOSDAQ
2607,A194480,데브시스터즈,KOSDAQ
2608,A194510,파티게임즈,KOSDAQ
2609,A194700,노바렉스,KOSDAQ
2610,A195440,퓨전데이타,KOSDAQ
2611,A195500,마니커에프앤지,KOSDAQ
2612,A195990,에이비프로바이오,KOSDAQ
2613,A196170,알테오젠,KOSDAQ
2614,A196300,애니젠,KOSDAQ
2615,A196450,디오스텍,KOSDAQ
2616,A196490,디에이테크놀로지,KOSDAQ
2617,A196700,웹스,KOSDAQ
2618,A197140,디지캡,KOSDAQ
2619,A197210,리드,KOSDAQ
2620,A198440,고려시멘트,KOSDAQ
2621,A200130,콜마비앤에이치,KOSDAQ
2622,A200230,텔콘RF제약,KOSDAQ
2623,A200470,하이셈,KOSDAQ
2624,A200670,휴메딕스,KOSDAQ
2625,A200710,에이디테크놀로지,KOSDAQ
2626,A200780,비씨월드제약,KOSDAQ
2627,A201490,미투온,KOSDAQ
2628,A203450,유니온커뮤니티,KOSDAQ
2629,A203650,드림시큐리티,KOSDAQ
2630,A203690,프로스테믹스,KOSDAQ
2631,A204020,그리티,KOSDAQ
2632,A204620,글로벌텍스프리,KOSDAQ
2633,A204630,화이브라더스코리아,KOSDAQ
2634,A204840,지엘팜텍,KOSDAQ
2635,A204990,현성바이탈,KOSDAQ
2636,A205100,엑셈,KOSDAQ
2637,A205470,휴마시스,KOSDAQ
2638,A205500,액션스퀘어,KOSDAQ
2639,A206400,엔터메이트,KOSDAQ
2640,A206560,덱스터,KOSDAQ
2641,A206640,바디텍메드,KOSDAQ
2642,A206650,유바이오로직스,KOSDAQ
2643,A207760,미스터블루,KOSDAQ
2644,A208140,정다운,KOSDAQ
2645,A208340,파멥신,KOSDAQ
2646,A208350,지란지교시큐리티,KOSDAQ
2647,A208370,셀바스헬스케어,KOSDAQ
2648,A208640,썸에이지,KOSDAQ
2649,A208710,바이오로그디바이스,KOSDAQ
2650,A208860,엔지스테크널러지,KOSDAQ
2651,A211270,AP위성,KOSDAQ
2652,A212560,네오오토,KOSDAQ
2653,A213090,미래테크놀로지,KOSDAQ
2654,A213420,덕산네오룩스,KOSDAQ
2655,A214150,클래시스,KOSDAQ
2656,A214180,민앤지,KOSDAQ
2657,A214270,퓨쳐스트림네트웍스,KOSDAQ
2658,A214310,세미콘라이트,KOSDAQ
2659,A214370,케어젠,KOSDAQ
2660,A214430,아이쓰리시스템,KOSDAQ
2661,A214450,파마리서치프로덕트,KOSDAQ
2662,A214680,디알텍,KOSDAQ
2663,A214870,뉴지랩,KOSDAQ
2664,A215000,골프존,KOSDAQ
2665,A215090,유니맥스글로벌,KOSDAQ
2666,A215100,로보로보,KOSDAQ
2667,A215200,메가스터디교육,KOSDAQ
2668,A215360,우리산업,KOSDAQ
2669,A215380,우정바이오,KOSDAQ
2670,A215480,토박스코리아,KOSDAQ
2671,A215600,신라젠,KOSDAQ
2672,A215790,이노인스트루먼트,KOSDAQ
2673,A216050,인크로스,KOSDAQ
2674,A217190,제너셈,KOSDAQ
2675,A217270,넵튠,KOSDAQ
2676,A217330,싸이토젠,KOSDAQ
2677,A217480,에스디생명공학,KOSDAQ
2678,A217500,러셀,KOSDAQ
2679,A217600,켐온,KOSDAQ
2680,A217620,디딤,KOSDAQ
2681,A217730,강스템바이오텍,KOSDAQ
2682,A217820,엔에스,KOSDAQ
2683,A218150,미래생명자원,KOSDAQ
2684,A218410,RFHIC,KOSDAQ
2685,A219130,타이거일렉,KOSDAQ
2686,A219420,링크제니시스,KOSDAQ
2687,A219550,MP한강,KOSDAQ
2688,A219750,지티지웰니스,KOSDAQ
2689,A220100,퓨쳐켐,KOSDAQ
2690,A220180,핸디소프트,KOSDAQ
2691,A220260,켐트로스,KOSDAQ
2692,A220630,해마로푸드서비스,KOSDAQ
2693,A221610,한솔씨앤피,KOSDAQ
2694,A221840,하이즈항공,KOSDAQ
2695,A221980,케이디켐,KOSDAQ
2696,A222040,코스맥스엔비티,KOSDAQ
2697,A222080,씨아이에스,KOSDAQ
2698,A222110,팬젠,KOSDAQ
2699,A222420,쎄노텍,KOSDAQ
2700,A222800,심텍,KOSDAQ
2701,A222810,한류AI센터,KOSDAQ
2702,A222980,한국맥널티,KOSDAQ
2703,A223310,이에스브이,KOSDAQ
2704,A224060,코디엠,KOSDAQ
2705,A224110,에이텍티앤,KOSDAQ
2706,A225190,삼양옵틱스,KOSDAQ
2707,A225330,씨엠에스에듀,KOSDAQ
2708,A225430,케이엠제약,KOSDAQ
2709,A225530,보광산업,KOSDAQ
2710,A225570,넷게임즈,KOSDAQ
2711,A225590,패션플랫폼,KOSDAQ
2712,A226340,본느,KOSDAQ
2713,A226350,아이엠텍,KOSDAQ
2714,A226360,이엑스티,KOSDAQ
2715,A226400,오스테오닉,KOSDAQ
2716,A226440,한송네오텍,KOSDAQ
2717,A226950,올릭스,KOSDAQ
2718,A227100,디자인,KOSDAQ
2719,A227610,아우딘퓨쳐스,KOSDAQ
2720,A227950,마이크로텍,KOSDAQ
2721,A228340,동양파일,KOSDAQ
2722,A228670,레이,KOSDAQ
2723,A228760,지노믹트리,KOSDAQ
2724,A228850,레이언스,KOSDAQ
2725,A230240,에치에프알,KOSDAQ
2726,A230360,에코마케팅,KOSDAQ
2727,A230980,솔트웍스,KOSDAQ
2728,A232140,와이아이케이,KOSDAQ
2729,A234100,세원,KOSDAQ
2730,A234300,에스트래픽,KOSDAQ
2731,A234340,세틀뱅크,KOSDAQ
2732,A234690,녹십자웰빙,KOSDAQ
2733,A234920,자이글,KOSDAQ
2734,A236200,슈프리마,KOSDAQ
2735,A237690,에스티팜,KOSDAQ
2736,A237750,피앤씨테크,KOSDAQ
2737,A237880,클리오,KOSDAQ
2738,A238090,앤디포스,KOSDAQ
2739,A238120,로고스바이오,KOSDAQ
2740,A238200,비피도,KOSDAQ
2741,A238490,힘스,KOSDAQ
2742,A239340,줌인터넷,KOSDAQ
2743,A239610,에이치엘사이언스,KOSDAQ
2744,A240810,원익IPS,KOSDAQ
2745,A241520,DSC인베스트먼트,KOSDAQ
2746,A241690,유니테크노,KOSDAQ
2747,A241710,코스메카코리아,KOSDAQ
2748,A241770,메카로,KOSDAQ
2749,A241790,오션브릿지,KOSDAQ
2750,A241820,피씨엘,KOSDAQ
2751,A241840,에이스토리,KOSDAQ
2752,A242040,나무기술,KOSDAQ
2753,A243070,휴온스,KOSDAQ
2754,A243840,신흥에스이씨,KOSDAQ
2755,A244460,올리패스,KOSDAQ
2756,A245620,EDGC,KOSDAQ
2757,A246690,TS인베스트먼트,KOSDAQ
2758,A246710,티앤알바이오팹,KOSDAQ
2759,A246720,아스타,KOSDAQ
2760,A246960,이노테라피,KOSDAQ
2761,A247540,에코프로비엠,KOSDAQ
2762,A250000,보라티알,KOSDAQ
2763,A250060,모비스,KOSDAQ
2764,A250930,예선테크,KOSDAQ
2765,A251370,와이엠티,KOSDAQ
2766,A251630,브이원텍,KOSDAQ
2767,A251970,펌텍코리아,KOSDAQ
2768,A252500,세화피앤씨,KOSDAQ
2769,A253450,스튜디오드래곤,KOSDAQ
2770,A253590,네오셈,KOSDAQ
2771,A253840,수젠텍,KOSDAQ
2772,A254120,IBKS제5호스팩,KOSDAQ
2773,A255220,SG,KOSDAQ
2774,A255440,야스,KOSDAQ
2775,A256150,한독크린텍,KOSDAQ
2776,A256630,포인트엔지니어링,KOSDAQ
2777,A256840,엔에이치스팩11호,KOSDAQ
2778,A256940,케이피에스,KOSDAQ
2779,A257370,명성티엔에스,KOSDAQ
2780,A258610,이더블유케이,KOSDAQ
2781,A258790,케이비제11호스팩,KOSDAQ
2782,A258830,세종메디칼,KOSDAQ
2783,A259630,엠플러스,KOSDAQ
2784,A260660,알리코제약,KOSDAQ
2785,A260930,씨티케이코스메틱스,KOSDAQ
2786,A261200,하나금융9호스팩,KOSDAQ
2787,A263020,디케이앤디,KOSDAQ
2788,A263050,유틸렉스,KOSDAQ
2789,A263540,샘코,KOSDAQ
2790,A263600,덕우전자,KOSDAQ
2791,A263690,디알젬,KOSDAQ
2792,A263700,케어랩스,KOSDAQ
2793,A263720,디앤씨미디어,KOSDAQ
2794,A263750,펄어비스,KOSDAQ
2795,A263770,유에스티,KOSDAQ
2796,A263800,데이타솔루션,KOSDAQ
2797,A263810,상신전자,KOSDAQ
2798,A263860,지니언스,KOSDAQ
2799,A263920,블러썸엠앤씨,KOSDAQ
2800,A264290,한화에이스스팩3호,KOSDAQ
2801,A264450,유비쿼스,KOSDAQ
2802,A264660,씨앤지하이테크,KOSDAQ
2803,A264850,IBKS제6호스팩,KOSDAQ
2804,A265480,미래에셋대우스팩1호,KOSDAQ
2805,A265520,AP시스템,KOSDAQ
2806,A265560,영화테크,KOSDAQ
2807,A265920,한화수성스팩,KOSDAQ
2808,A267320,교보7호스팩,KOSDAQ
2809,A267790,배럴,KOSDAQ
2810,A267980,매일유업,KOSDAQ
2811,A268600,셀리버리,KOSDAQ
2812,A269620,시스웍,KOSDAQ
2813,A270520,하나금융10호스팩,KOSDAQ
2814,A270870,뉴트리,KOSDAQ
2815,A271740,한국제5호스팩,KOSDAQ
2816,A272110,케이엔제이,KOSDAQ
2817,A272290,이녹스첨단소재,KOSDAQ
2818,A273060,엔에이치스팩12호,KOSDAQ
2819,A275630,에스에스알,KOSDAQ
2820,A276920,IBKS제7호스팩,KOSDAQ
2821,A277070,린드먼아시아,KOSDAQ
2822,A277410,인산가,KOSDAQ
2823,A277480,신한제4호스팩,KOSDAQ
2824,A278280,천보,KOSDAQ
2825,A279410,한화에이스스팩4호,KOSDAQ
2826,A281410,한국제6호스팩,KOSDAQ
2827,A281740,동부스팩5호,KOSDAQ
2828,A282880,코윈테크,KOSDAQ
2829,A284620,하나금융11호스팩,KOSDAQ
2830,A285490,노바텍,KOSDAQ
2831,A286750,나노브릭,KOSDAQ
2832,A287410,유안타제3호스팩,KOSDAQ
2833,A288620,에스퓨얼셀,KOSDAQ
2834,A289010,아이스크림에듀,KOSDAQ
2835,A289080,SV인베스트먼트,KOSDAQ
2836,A290120,대유에이피,KOSDAQ
2837,A290270,휴네시온,KOSDAQ
2838,A290380,대유,KOSDAQ
2839,A290550,디케이티,KOSDAQ
2840,A290650,엘앤씨바이오,KOSDAQ
2841,A290660,네오펙트,KOSDAQ
2842,A290670,대보마그네틱,KOSDAQ
2843,A290720,푸드나무,KOSDAQ
2844,A290740,액트로,KOSDAQ
2845,A291210,한국제7호스팩,KOSDAQ
2846,A291230,삼성스팩2호,KOSDAQ
2847,A293580,나우아이비캐피탈,KOSDAQ
2848,A293780,압타바이오,KOSDAQ
2849,A297570,알로이스,KOSDAQ
2850,A298380,에이비엘바이오,KOSDAQ
2851,A299170,IBKS제10호스팩,KOSDAQ
2852,A299660,셀리드,KOSDAQ
2853,A299900,위지윅스튜디오,KOSDAQ
2854,A299910,베스파,KOSDAQ
2855,A300080,플리토,KOSDAQ
2856,A300120,라온피플,KOSDAQ
2857,A302430,이노메트리,KOSDAQ
2858,A303030,지니틱스,KOSDAQ
2859,A305090,마이크로디지탈,KOSDAQ
2860,A306620,DB금융스팩6호,KOSDAQ
2861,A307070,SK4호스팩,KOSDAQ
2862,A307160,하나머스트제6호스팩,KOSDAQ
2863,A307180,신영스팩4호,KOSDAQ
2864,A307280,교보8호스팩,KOSDAQ
2865,A307750,대신밸런스제6호스팩,KOSDAQ
2866,A307870,상상인이안1호스팩,KOSDAQ
2867,A307930,컴퍼니케이,KOSDAQ
2868,A308100,까스텔바작,KOSDAQ
2869,A309930,삼성머스트스팩3호,KOSDAQ
2870,A310200,미래에셋대우스팩2호,KOSDAQ
2871,A310840,엔에이치스팩13호,KOSDAQ
2872,A310870,한국제8호스팩,KOSDAQ
2873,A311270,키움제5호스팩,KOSDAQ
2874,A311390,네오크레마,KOSDAQ
2875,A312610,에이에프더블류,KOSDAQ
2876,A313750,유안타제4호스팩,KOSDAQ
2877,A313760,윌링스,KOSDAQ
2878,A317030,케이비17호스팩,KOSDAQ
2879,A317120,라닉스,KOSDAQ
2880,A317240,하이제4호스팩,KOSDAQ
2881,A317320,한화에스비아이스팩,KOSDAQ
2882,A317330,덕산테코피아,KOSDAQ
2883,A317530,캐리소프트,KOSDAQ
2884,A317770,슈프리마아이디,KOSDAQ
2885,A317830,에스피시스템스,KOSDAQ
2886,A317850,대모,KOSDAQ
2887,A317870,엔바이오니아,KOSDAQ
2888,A318000,한국바이오젠,KOSDAQ
2889,A318010,팜스빌,KOSDAQ
2890,A319400,엔에이치스팩14호,KOSDAQ
2891,A319660,피에스케이,KOSDAQ
2892,A320000,하나금융13호스팩,KOSDAQ
2893,A321260,유진스팩4호,KOSDAQ
2894,A322180,티라유텍,KOSDAQ
2895,A322780,DB금융스팩7호,KOSDAQ
2896,A323210,이베스트이안스팩1호,KOSDAQ
2897,A323230,신한제5호스팩,KOSDAQ
2898,A323280,신영스팩5호,KOSDAQ
2899,A323940,케이비제18호스팩,KOSDAQ
2900,A328380,미래에셋대우스팩3호,KOSDAQ
2901,A329560,상상인이안제2호스팩,KOSDAQ
2902,A330990,케이비제19호스팩,KOSDAQ
2903,A331380,유진스팩5호,KOSDAQ
2904,A331520,교보9호스팩,KOSDAQ
2905,A332290,대신밸런스제7호스팩,KOSDAQ
2906,A332710,하나금융14호스팩,KOSDAQ
2907,A333050,신한제6호스팩,KOSDAQ
2908,A900040,차이나그레이트,KOSDAQ
2909,A900070,글로벌에스엠,KOSDAQ
2910,A900080,에스앤씨엔진그룹,KOSDAQ
2911,A900100,뉴프라이드,KOSDAQ
2912,A900110,이스트아시아홀딩스,KOSDAQ
2913,A900120,씨케이에이치,KOSDAQ
2914,A900250,크리스탈신소재,KOSDAQ
2915,A900260,로스웰,KOSDAQ
2916,A900270,헝셩그룹,KOSDAQ
2917,A900280,골든센츄리,KOSDAQ
2918,A900290,GRT,KOSDAQ
2919,A900300,오가닉티코스메틱,KOSDAQ
2920,A900310,컬러레이,KOSDAQ
2921,A900340,윙입푸드,KOSDAQ
2922,A950110,SBI핀테크솔루션즈,KOSDAQ
2923,A950130,엑세스바이오,KOSDAQ
2924,A950140,잉글우드랩,KOSDAQ
2925,A950160,코오롱티슈진,KOSDAQ
2926,A950170,JTC,KOSDAQ
2927,A950180,SNK,KOSDAQ
